order_id,date,item_name,item_type,item_price,quantity,transaction_amount,transaction_type,received_by,time_of_sale,date_year,date_month_no
1,2022-07-03,Aalopuri,Fastfood,20,13,260,Others,Male,Night,2022,7
2,2022-08-23,Vadapav,Fastfood,20,15,300,Cash,Male,Afternoon,2022,8
3,2022-11-20,Vadapav,Fastfood,20,1,20,Cash,Male,Afternoon,2022,11
4,2023-02-03,Sugarcane juice,Beverages,25,6,150,Online,Male,Night,2023,2
5,2022-10-02,Sugarcane juice,Beverages,25,8,200,Online,Male,Evening,2022,10
6,2022-11-14,Vadapav,Fastfood,20,10,200,Cash,Male,Evening,2022,11
7,2022-05-03,Sugarcane juice,Beverages,25,9,225,Cash,Male,Evening,2022,5
8,2022-12-22,Panipuri,Fastfood,20,14,280,Online,Male,Night,2022,12
9,2022-06-10,Panipuri,Fastfood,20,1,20,Cash,Female,Morning,2022,6
10,2022-09-16,Panipuri,Fastfood,20,5,100,Online,Male,Afternoon,2022,9
11,2022-12-01,Frankie,Fastfood,50,8,400,Online,Female,Afternoon,2022,12
12,2022-07-12,Vadapav,Fastfood,20,8,160,Online,Female,Night,2022,7
13,2022-12-22,Panipuri,Fastfood,20,9,180,Online,Female,Afternoon,2022,12
14,2022-11-25,Frankie,Fastfood,50,4,200,Online,Male,Morning,2022,11
15,2023-02-03,Aalopuri,Fastfood,20,3,60,Cash,Female,Evening,2023,2
16,2022-04-14,Sandwich,Fastfood,60,11,660,Others,Female,Midnight,2022,4
17,2022-10-16,Panipuri,Fastfood,20,11,220,Cash,Female,Morning,2022,10
18,2022-11-05,Panipuri,Fastfood,20,10,200,Cash,Female,Night,2022,11
19,2022-08-22,Panipuri,Fastfood,20,11,220,Cash,Female,Night,2022,8
20,2022-09-15,Cold coffee,Beverages,40,10,400,Online,Male,Night,2022,9
21,2022-12-21,Cold coffee,Beverages,40,15,600,Cash,Male,Evening,2022,12
22,2022-10-04,Sugarcane juice,Beverages,25,12,300,Online,Male,Evening,2022,10
23,2022-05-26,Sandwich,Fastfood,60,3,180,Online,Male,Midnight,2022,5
24,2023-02-11,Sugarcane juice,Beverages,25,10,250,Online,Male,Afternoon,2023,2
25,2022-08-31,Sandwich,Fastfood,60,1,60,Online,Female,Evening,2022,8
26,2022-08-18,Sugarcane juice,Beverages,25,4,100,Cash,Male,Afternoon,2022,8
27,2022-10-12,Cold coffee,Beverages,40,11,440,Online,Female,Afternoon,2022,10
28,2023-01-06,Cold coffee,Beverages,40,10,400,Online,Female,Afternoon,2023,1
29,2023-02-10,Sugarcane juice,Beverages,25,9,225,Online,Male,Afternoon,2023,2
30,2023-01-28,Frankie,Fastfood,50,2,100,Cash,Female,Night,2023,1
31,2022-09-14,Cold coffee,Beverages,40,13,520,Online,Female,Evening,2022,9
32,2022-05-06,Aalopuri,Fastfood,20,4,80,Others,Male,Morning,2022,5
33,2023-02-05,Aalopuri,Fastfood,20,13,260,Online,Male,Night,2023,2
34,2023-02-04,Frankie,Fastfood,50,12,600,Online,Female,Evening,2023,2
35,2022-05-22,Vadapav,Fastfood,20,8,160,Cash,Male,Morning,2022,5
36,2022-07-02,Cold coffee,Beverages,40,10,400,Online,Male,Afternoon,2022,7
37,2023-01-05,Frankie,Fastfood,50,10,500,Cash,Male,Night,2023,1
38,2023-03-08,Panipuri,Fastfood,20,12,240,Online,Female,Night,2023,3
39,2022-05-14,Vadapav,Fastfood,20,2,40,Online,Male,Evening,2022,5
40,2023-02-05,Sandwich,Fastfood,60,5,300,Online,Female,Night,2023,2
41,2022-11-13,Cold coffee,Beverages,40,11,440,Others,Male,Afternoon,2022,11
42,2022-05-09,Aalopuri,Fastfood,20,8,160,Online,Female,Night,2022,5
43,2022-05-26,Vadapav,Fastfood,20,1,20,Cash,Male,Night,2022,5
44,2022-08-28,Cold coffee,Beverages,40,12,480,Cash,Male,Evening,2022,8
45,2022-08-15,Sugarcane juice,Beverages,25,6,150,Cash,Female,Afternoon,2022,8
46,2022-05-07,Vadapav,Fastfood,20,7,140,Cash,Male,Evening,2022,5
47,2022-07-10,Sandwich,Fastfood,60,7,420,Others,Male,Morning,2022,7
48,2023-02-23,Sandwich,Fastfood,60,14,840,Online,Male,Afternoon,2023,2
49,2022-11-06,Frankie,Fastfood,50,4,200,Online,Female,Morning,2022,11
50,2022-11-02,Vadapav,Fastfood,20,8,160,Cash,Female,Midnight,2022,11
51,2022-05-16,Frankie,Fastfood,50,15,750,Online,Female,Morning,2022,5
52,2023-03-16,Sugarcane juice,Beverages,25,12,300,Cash,Female,Midnight,2023,3
53,2022-07-26,Aalopuri,Fastfood,20,13,260,Cash,Male,Afternoon,2022,7
54,2022-12-28,Panipuri,Fastfood,20,14,280,Online,Female,Morning,2022,12
55,2022-05-07,Sandwich,Fastfood,60,10,600,Cash,Male,Night,2022,5
56,2022-11-23,Panipuri,Fastfood,20,11,220,Cash,Female,Midnight,2022,11
57,2022-08-04,Panipuri,Fastfood,20,14,280,Online,Female,Morning,2022,8
58,2023-02-03,Vadapav,Fastfood,20,6,120,Online,Female,Morning,2023,2
59,2022-07-01,Vadapav,Fastfood,20,5,100,Cash,Male,Morning,2022,7
60,2022-06-11,Cold coffee,Beverages,40,2,80,Online,Male,Night,2022,6
61,2022-12-25,Vadapav,Fastfood,20,14,280,Cash,Female,Afternoon,2022,12
62,2022-10-17,Sugarcane juice,Beverages,25,3,75,Cash,Male,Afternoon,2022,10
63,2022-12-01,Sandwich,Fastfood,60,7,420,Online,Female,Morning,2022,12
64,2022-12-09,Cold coffee,Beverages,40,1,40,Cash,Male,Morning,2022,12
65,2022-07-25,Aalopuri,Fastfood,20,4,80,Cash,Male,Morning,2022,7
66,2022-04-05,Frankie,Fastfood,50,2,100,Cash,Female,Morning,2022,4
67,2022-05-15,Aalopuri,Fastfood,20,9,180,Cash,Male,Midnight,2022,5
68,2022-12-17,Cold coffee,Beverages,40,2,80,Others,Male,Night,2022,12
69,2023-01-10,Vadapav,Fastfood,20,7,140,Cash,Male,Midnight,2023,1
70,2022-05-09,Cold coffee,Beverages,40,14,560,Others,Female,Morning,2022,5
71,2022-12-05,Cold coffee,Beverages,40,6,240,Online,Male,Night,2022,12
72,2023-03-09,Frankie,Fastfood,50,13,650,Online,Male,Afternoon,2023,3
73,2022-07-29,Panipuri,Fastfood,20,5,100,Cash,Male,Midnight,2022,7
74,2022-08-15,Cold coffee,Beverages,40,10,400,Online,Female,Evening,2022,8
75,2023-02-02,Cold coffee,Beverages,40,6,240,Online,Female,Afternoon,2023,2
76,2022-08-17,Vadapav,Fastfood,20,9,180,Online,Male,Morning,2022,8
77,2023-02-04,Sugarcane juice,Beverages,25,12,300,Cash,Female,Midnight,2023,2
78,2022-10-01,Vadapav,Fastfood,20,4,80,Cash,Female,Evening,2022,10
79,2022-11-05,Panipuri,Fastfood,20,6,120,Online,Male,Night,2022,11
80,2022-05-24,Frankie,Fastfood,50,13,650,Cash,Male,Evening,2022,5
81,2022-11-19,Frankie,Fastfood,50,12,600,Online,Female,Night,2022,11
82,2022-07-17,Frankie,Fastfood,50,3,150,Online,Female,Evening,2022,7
83,2022-11-13,Frankie,Fastfood,50,11,550,Others,Male,Evening,2022,11
84,2023-03-03,Panipuri,Fastfood,20,13,260,Cash,Male,Midnight,2023,3
85,2022-08-19,Aalopuri,Fastfood,20,3,60,Online,Female,Night,2022,8
86,2023-03-09,Aalopuri,Fastfood,20,15,300,Cash,Male,Morning,2023,3
87,2022-05-29,Aalopuri,Fastfood,20,8,160,Cash,Male,Night,2022,5
88,2022-07-07,Cold coffee,Beverages,40,10,400,Cash,Male,Evening,2022,7
89,2022-12-23,Aalopuri,Fastfood,20,14,280,Cash,Male,Evening,2022,12
90,2022-10-29,Vadapav,Fastfood,20,15,300,Online,Male,Night,2022,10
91,2023-03-22,Cold coffee,Beverages,40,6,240,Others,Female,Evening,2023,3
92,2022-05-13,Aalopuri,Fastfood,20,15,300,Cash,Male,Afternoon,2022,5
93,2022-07-03,Cold coffee,Beverages,40,2,80,Online,Female,Midnight,2022,7
94,2022-09-14,Aalopuri,Fastfood,20,15,300,Others,Female,Night,2022,9
95,2022-05-12,Sugarcane juice,Beverages,25,8,200,Online,Male,Night,2022,5
96,2022-08-22,Sandwich,Fastfood,60,15,900,Others,Male,Morning,2022,8
97,2023-03-29,Cold coffee,Beverages,40,13,520,Online,Male,Evening,2023,3
98,2022-12-24,Vadapav,Fastfood,20,1,20,Online,Male,Morning,2022,12
99,2022-09-11,Sugarcane juice,Beverages,25,3,75,Cash,Male,Evening,2022,9
100,2022-05-08,Panipuri,Fastfood,20,11,220,Others,Male,Morning,2022,5
101,2023-03-26,Vadapav,Fastfood,20,3,60,Online,Female,Morning,2023,3
102,2023-03-13,Cold coffee,Beverages,40,14,560,Cash,Male,Morning,2023,3
103,2023-03-14,Cold coffee,Beverages,40,8,320,Online,Female,Midnight,2023,3
104,2022-10-27,Cold coffee,Beverages,40,13,520,Online,Male,Morning,2022,10
105,2023-01-25,Panipuri,Fastfood,20,8,160,Cash,Female,Evening,2023,1
106,2023-02-25,Frankie,Fastfood,50,9,450,Cash,Female,Evening,2023,2
107,2023-02-07,Sandwich,Fastfood,60,4,240,Online,Male,Afternoon,2023,2
108,2022-08-06,Panipuri,Fastfood,20,5,100,Online,Male,Afternoon,2022,8
109,2022-08-08,Cold coffee,Beverages,40,12,480,Others,Male,Afternoon,2022,8
110,2022-11-16,Panipuri,Fastfood,20,2,40,Online,Female,Morning,2022,11
111,2022-09-04,Sandwich,Fastfood,60,8,480,Cash,Female,Midnight,2022,9
112,2023-02-24,Sandwich,Fastfood,60,7,420,Cash,Male,Morning,2023,2
113,2022-12-12,Aalopuri,Fastfood,20,8,160,Cash,Male,Afternoon,2022,12
114,2022-08-14,Aalopuri,Fastfood,20,10,200,Online,Male,Afternoon,2022,8
115,2023-01-12,Aalopuri,Fastfood,20,13,260,Others,Male,Evening,2023,1
116,2022-08-26,Sugarcane juice,Beverages,25,13,325,Cash,Male,Evening,2022,8
117,2023-03-09,Frankie,Fastfood,50,7,350,Online,Female,Evening,2023,3
118,2022-07-06,Sandwich,Fastfood,60,1,60,Online,Male,Midnight,2022,7
119,2022-05-12,Panipuri,Fastfood,20,10,200,Cash,Male,Evening,2022,5
120,2022-07-10,Frankie,Fastfood,50,2,100,Cash,Female,Evening,2022,7
121,2022-08-26,Cold coffee,Beverages,40,8,320,Cash,Male,Afternoon,2022,8
122,2022-04-24,Panipuri,Fastfood,20,3,60,Others,Female,Night,2022,4
123,2022-06-09,Cold coffee,Beverages,40,6,240,Online,Male,Evening,2022,6
124,2022-10-14,Sugarcane juice,Beverages,25,13,325,Others,Female,Evening,2022,10
125,2022-04-10,Vadapav,Fastfood,20,7,140,Cash,Female,Midnight,2022,4
126,2022-04-08,Panipuri,Fastfood,20,11,220,Online,Female,Night,2022,4
127,2022-12-03,Aalopuri,Fastfood,20,1,20,Others,Female,Morning,2022,12
128,2022-08-07,Vadapav,Fastfood,20,11,220,Online,Male,Midnight,2022,8
129,2022-10-19,Panipuri,Fastfood,20,13,260,Cash,Female,Morning,2022,10
130,2022-12-28,Sugarcane juice,Beverages,25,7,175,Cash,Male,Night,2022,12
131,2023-01-19,Sandwich,Fastfood,60,8,480,Cash,Male,Night,2023,1
132,2022-12-05,Vadapav,Fastfood,20,4,80,Online,Female,Night,2022,12
133,2022-12-20,Aalopuri,Fastfood,20,5,100,Online,Male,Midnight,2022,12
134,2022-07-17,Aalopuri,Fastfood,20,12,240,Online,Female,Night,2022,7
135,2023-01-14,Aalopuri,Fastfood,20,8,160,Online,Male,Midnight,2023,1
136,2022-08-24,Aalopuri,Fastfood,20,15,300,Online,Male,Morning,2022,8
137,2023-03-19,Sugarcane juice,Beverages,25,6,150,Others,Male,Afternoon,2023,3
138,2022-09-01,Sandwich,Fastfood,60,15,900,Online,Male,Night,2022,9
139,2023-02-26,Frankie,Fastfood,50,11,550,Online,Female,Night,2023,2
140,2022-06-12,Frankie,Fastfood,50,13,650,Cash,Male,Night,2022,6
141,2022-06-15,Aalopuri,Fastfood,20,4,80,Others,Male,Evening,2022,6
142,2022-12-30,Sugarcane juice,Beverages,25,12,300,Cash,Female,Morning,2022,12
143,2022-09-18,Frankie,Fastfood,50,8,400,Others,Female,Afternoon,2022,9
144,2022-11-17,Panipuri,Fastfood,20,10,200,Cash,Female,Evening,2022,11
145,2022-10-09,Sandwich,Fastfood,60,14,840,Online,Male,Morning,2022,10
146,2022-10-28,Frankie,Fastfood,50,4,200,Others,Female,Afternoon,2022,10
147,2022-05-17,Panipuri,Fastfood,20,7,140,Online,Male,Evening,2022,5
148,2023-03-19,Sandwich,Fastfood,60,13,780,Online,Male,Evening,2023,3
149,2022-08-09,Sandwich,Fastfood,60,7,420,Online,Male,Morning,2022,8
150,2023-01-30,Cold coffee,Beverages,40,14,560,Cash,Male,Afternoon,2023,1
151,2022-07-10,Frankie,Fastfood,50,13,650,Online,Female,Morning,2022,7
152,2022-10-24,Cold coffee,Beverages,40,9,360,Online,Male,Afternoon,2022,10
153,2022-07-21,Panipuri,Fastfood,20,1,20,Cash,Female,Evening,2022,7
154,2022-12-13,Vadapav,Fastfood,20,3,60,Cash,Male,Night,2022,12
155,2023-02-07,Sugarcane juice,Beverages,25,10,250,Cash,Female,Evening,2023,2
156,2023-03-25,Panipuri,Fastfood,20,14,280,Cash,Male,Midnight,2023,3
157,2023-02-24,Frankie,Fastfood,50,7,350,Online,Female,Midnight,2023,2
158,2022-05-16,Aalopuri,Fastfood,20,2,40,Others,Male,Midnight,2022,5
159,2022-10-03,Sugarcane juice,Beverages,25,1,25,Online,Female,Afternoon,2022,10
160,2022-07-23,Vadapav,Fastfood,20,10,200,Online,Male,Night,2022,7
161,2023-01-19,Sugarcane juice,Beverages,25,12,300,Cash,Male,Evening,2023,1
162,2022-05-07,Aalopuri,Fastfood,20,11,220,Cash,Male,Midnight,2022,5
163,2023-01-06,Frankie,Fastfood,50,6,300,Online,Female,Midnight,2023,1
164,2022-08-10,Sugarcane juice,Beverages,25,7,175,Online,Male,Afternoon,2022,8
165,2023-01-05,Sandwich,Fastfood,60,11,660,Cash,Male,Midnight,2023,1
166,2022-06-01,Panipuri,Fastfood,20,6,120,Cash,Female,Evening,2022,6
167,2023-02-23,Cold coffee,Beverages,40,6,240,Cash,Female,Morning,2023,2
168,2022-04-19,Sandwich,Fastfood,60,4,240,Cash,Female,Midnight,2022,4
169,2022-06-20,Vadapav,Fastfood,20,6,120,Cash,Male,Morning,2022,6
170,2023-02-13,Aalopuri,Fastfood,20,6,120,Others,Female,Afternoon,2023,2
171,2023-03-02,Vadapav,Fastfood,20,11,220,Cash,Female,Midnight,2023,3
172,2022-08-27,Sugarcane juice,Beverages,25,6,150,Online,Female,Night,2022,8
173,2023-01-20,Cold coffee,Beverages,40,2,80,Online,Male,Night,2023,1
174,2022-09-03,Aalopuri,Fastfood,20,2,40,Online,Male,Evening,2022,9
175,2022-10-17,Frankie,Fastfood,50,12,600,Cash,Female,Afternoon,2022,10
176,2022-08-04,Panipuri,Fastfood,20,1,20,Cash,Female,Midnight,2022,8
177,2022-07-21,Panipuri,Fastfood,20,11,220,Online,Female,Morning,2022,7
178,2022-12-09,Aalopuri,Fastfood,20,2,40,Cash,Female,Morning,2022,12
179,2023-03-03,Sugarcane juice,Beverages,25,5,125,Others,Female,Midnight,2023,3
180,2022-12-01,Vadapav,Fastfood,20,6,120,Online,Female,Afternoon,2022,12
181,2022-06-09,Cold coffee,Beverages,40,7,280,Cash,Female,Night,2022,6
182,2022-07-02,Cold coffee,Beverages,40,1,40,Cash,Male,Midnight,2022,7
183,2022-07-10,Sugarcane juice,Beverages,25,5,125,Cash,Female,Midnight,2022,7
184,2023-01-03,Cold coffee,Beverages,40,8,320,Cash,Male,Night,2023,1
185,2023-01-13,Sugarcane juice,Beverages,25,15,375,Others,Male,Night,2023,1
186,2023-03-15,Frankie,Fastfood,50,2,100,Online,Male,Afternoon,2023,3
187,2022-10-11,Aalopuri,Fastfood,20,15,300,Cash,Female,Morning,2022,10
188,2022-12-28,Panipuri,Fastfood,20,14,280,Cash,Female,Night,2022,12
189,2023-02-08,Vadapav,Fastfood,20,12,240,Online,Male,Afternoon,2023,2
190,2022-04-26,Cold coffee,Beverages,40,1,40,Online,Male,Evening,2022,4
191,2022-05-20,Sugarcane juice,Beverages,25,14,350,Cash,Female,Morning,2022,5
192,2022-10-26,Vadapav,Fastfood,20,2,40,Online,Male,Night,2022,10
193,2023-02-05,Cold coffee,Beverages,40,15,600,Online,Female,Midnight,2023,2
194,2022-12-15,Vadapav,Fastfood,20,4,80,Cash,Female,Morning,2022,12
195,2022-04-23,Sandwich,Fastfood,60,4,240,Cash,Female,Night,2022,4
196,2022-06-25,Sandwich,Fastfood,60,3,180,Cash,Male,Evening,2022,6
197,2022-11-08,Panipuri,Fastfood,20,10,200,Cash,Female,Midnight,2022,11
198,2023-01-05,Frankie,Fastfood,50,15,750,Cash,Male,Morning,2023,1
199,2023-02-01,Frankie,Fastfood,50,6,300,Online,Female,Morning,2023,2
200,2022-12-25,Cold coffee,Beverages,40,10,400,Cash,Female,Morning,2022,12
201,2022-06-30,Panipuri,Fastfood,20,8,160,Cash,Male,Morning,2022,6
202,2022-09-21,Aalopuri,Fastfood,20,9,180,Cash,Male,Afternoon,2022,9
203,2022-04-11,Vadapav,Fastfood,20,6,120,Online,Female,Midnight,2022,4
204,2022-10-24,Cold coffee,Beverages,40,7,280,Cash,Female,Evening,2022,10
205,2022-10-17,Vadapav,Fastfood,20,4,80,Others,Male,Afternoon,2022,10
206,2022-07-27,Aalopuri,Fastfood,20,4,80,Cash,Male,Night,2022,7
207,2023-02-20,Cold coffee,Beverages,40,8,320,Online,Female,Evening,2023,2
208,2022-08-26,Cold coffee,Beverages,40,13,520,Cash,Female,Midnight,2022,8
209,2022-12-04,Aalopuri,Fastfood,20,2,40,Cash,Male,Night,2022,12
210,2023-01-02,Sugarcane juice,Beverages,25,15,375,Others,Male,Night,2023,1
211,2022-04-18,Aalopuri,Fastfood,20,12,240,Cash,Male,Morning,2022,4
212,2022-05-05,Cold coffee,Beverages,40,12,480,Online,Female,Morning,2022,5
213,2022-09-29,Vadapav,Fastfood,20,3,60,Others,Female,Midnight,2022,9
214,2022-12-03,Sugarcane juice,Beverages,25,14,350,Online,Male,Evening,2022,12
215,2022-12-10,Sugarcane juice,Beverages,25,7,175,Others,Female,Morning,2022,12
216,2023-03-07,Panipuri,Fastfood,20,9,180,Cash,Female,Afternoon,2023,3
217,2023-03-23,Cold coffee,Beverages,40,10,400,Cash,Male,Morning,2023,3
218,2022-12-23,Cold coffee,Beverages,40,13,520,Online,Female,Midnight,2022,12
219,2022-10-01,Aalopuri,Fastfood,20,9,180,Cash,Female,Evening,2022,10
220,2022-05-13,Sugarcane juice,Beverages,25,1,25,Cash,Male,Afternoon,2022,5
221,2023-03-26,Sandwich,Fastfood,60,1,60,Online,Male,Evening,2023,3
222,2022-09-11,Sandwich,Fastfood,60,6,360,Cash,Female,Morning,2022,9
223,2022-09-21,Panipuri,Fastfood,20,13,260,Online,Male,Night,2022,9
224,2023-03-23,Sugarcane juice,Beverages,25,14,350,Cash,Male,Afternoon,2023,3
225,2023-03-16,Frankie,Fastfood,50,11,550,Cash,Female,Evening,2023,3
226,2022-12-12,Aalopuri,Fastfood,20,13,260,Online,Female,Afternoon,2022,12
227,2022-11-17,Cold coffee,Beverages,40,5,200,Cash,Female,Afternoon,2022,11
228,2022-11-05,Panipuri,Fastfood,20,8,160,Online,Male,Night,2022,11
229,2022-12-15,Panipuri,Fastfood,20,7,140,Others,Male,Evening,2022,12
230,2022-04-16,Frankie,Fastfood,50,6,300,Online,Male,Afternoon,2022,4
231,2022-04-16,Sugarcane juice,Beverages,25,3,75,Others,Male,Night,2022,4
232,2022-04-23,Vadapav,Fastfood,20,13,260,Cash,Female,Night,2022,4
233,2022-07-31,Panipuri,Fastfood,20,5,100,Cash,Male,Morning,2022,7
234,2022-07-27,Panipuri,Fastfood,20,10,200,Cash,Male,Midnight,2022,7
235,2022-11-29,Sandwich,Fastfood,60,10,600,Cash,Female,Afternoon,2022,11
236,2022-06-26,Vadapav,Fastfood,20,12,240,Others,Female,Evening,2022,6
237,2022-11-08,Panipuri,Fastfood,20,13,260,Cash,Female,Midnight,2022,11
238,2022-04-26,Vadapav,Fastfood,20,13,260,Cash,Male,Morning,2022,4
239,2022-12-04,Frankie,Fastfood,50,4,200,Online,Male,Evening,2022,12
240,2022-12-11,Sandwich,Fastfood,60,10,600,Cash,Female,Morning,2022,12
241,2022-06-06,Sugarcane juice,Beverages,25,2,50,Cash,Male,Afternoon,2022,6
242,2022-12-23,Cold coffee,Beverages,40,4,160,Online,Female,Midnight,2022,12
243,2022-11-12,Panipuri,Fastfood,20,5,100,Cash,Female,Midnight,2022,11
244,2022-11-22,Sandwich,Fastfood,60,10,600,Online,Female,Midnight,2022,11
245,2022-10-03,Vadapav,Fastfood,20,2,40,Cash,Female,Morning,2022,10
246,2022-11-16,Vadapav,Fastfood,20,10,200,Cash,Male,Afternoon,2022,11
247,2022-10-03,Sugarcane juice,Beverages,25,6,150,Others,Male,Midnight,2022,10
248,2022-04-17,Frankie,Fastfood,50,5,250,Online,Female,Midnight,2022,4
249,2022-10-26,Sugarcane juice,Beverages,25,3,75,Online,Female,Afternoon,2022,10
250,2022-11-15,Sugarcane juice,Beverages,25,6,150,Online,Female,Midnight,2022,11
251,2022-12-21,Cold coffee,Beverages,40,13,520,Others,Female,Afternoon,2022,12
252,2023-03-26,Vadapav,Fastfood,20,8,160,Online,Male,Midnight,2023,3
253,2022-06-18,Sugarcane juice,Beverages,25,13,325,Online,Male,Afternoon,2022,6
254,2022-10-09,Cold coffee,Beverages,40,12,480,Others,Female,Afternoon,2022,10
255,2022-04-30,Vadapav,Fastfood,20,7,140,Others,Female,Afternoon,2022,4
256,2023-03-16,Aalopuri,Fastfood,20,3,60,Online,Female,Midnight,2023,3
257,2023-01-03,Sandwich,Fastfood,60,10,600,Cash,Female,Midnight,2023,1
258,2022-09-06,Vadapav,Fastfood,20,14,280,Cash,Male,Midnight,2022,9
259,2022-11-18,Sandwich,Fastfood,60,4,240,Online,Male,Morning,2022,11
260,2022-09-10,Sugarcane juice,Beverages,25,2,50,Online,Female,Night,2022,9
261,2023-01-11,Frankie,Fastfood,50,9,450,Cash,Female,Midnight,2023,1
262,2023-03-05,Vadapav,Fastfood,20,5,100,Others,Female,Evening,2023,3
263,2022-06-19,Panipuri,Fastfood,20,2,40,Cash,Male,Evening,2022,6
264,2022-07-18,Sugarcane juice,Beverages,25,12,300,Online,Male,Morning,2022,7
265,2022-08-15,Vadapav,Fastfood,20,6,120,Cash,Male,Midnight,2022,8
266,2022-10-02,Frankie,Fastfood,50,10,500,Online,Female,Night,2022,10
267,2023-03-05,Vadapav,Fastfood,20,1,20,Cash,Male,Morning,2023,3
268,2023-02-05,Cold coffee,Beverages,40,12,480,Cash,Female,Midnight,2023,2
269,2022-12-22,Panipuri,Fastfood,20,2,40,Others,Female,Midnight,2022,12
270,2022-09-07,Sandwich,Fastfood,60,13,780,Cash,Male,Evening,2022,9
271,2022-05-03,Vadapav,Fastfood,20,13,260,Cash,Male,Evening,2022,5
272,2022-07-29,Frankie,Fastfood,50,5,250,Online,Female,Night,2022,7
273,2022-08-15,Panipuri,Fastfood,20,15,300,Cash,Male,Midnight,2022,8
274,2023-01-04,Sugarcane juice,Beverages,25,10,250,Online,Male,Night,2023,1
275,2023-02-04,Vadapav,Fastfood,20,15,300,Online,Male,Night,2023,2
276,2022-09-30,Sugarcane juice,Beverages,25,6,150,Cash,Male,Midnight,2022,9
277,2022-12-08,Cold coffee,Beverages,40,13,520,Cash,Female,Midnight,2022,12
278,2022-06-19,Frankie,Fastfood,50,6,300,Online,Female,Night,2022,6
279,2022-09-14,Vadapav,Fastfood,20,15,300,Cash,Female,Afternoon,2022,9
280,2022-10-09,Panipuri,Fastfood,20,14,280,Online,Female,Evening,2022,10
281,2022-08-09,Sandwich,Fastfood,60,3,180,Cash,Female,Afternoon,2022,8
282,2022-05-16,Vadapav,Fastfood,20,13,260,Others,Female,Morning,2022,5
283,2022-07-02,Panipuri,Fastfood,20,2,40,Cash,Female,Midnight,2022,7
284,2023-01-29,Frankie,Fastfood,50,7,350,Others,Male,Afternoon,2023,1
285,2022-06-28,Aalopuri,Fastfood,20,3,60,Others,Male,Night,2022,6
286,2022-12-14,Vadapav,Fastfood,20,6,120,Others,Male,Night,2022,12
287,2022-08-06,Aalopuri,Fastfood,20,3,60,Cash,Male,Morning,2022,8
288,2022-08-22,Sandwich,Fastfood,60,7,420,Cash,Male,Night,2022,8
289,2022-11-28,Aalopuri,Fastfood,20,7,140,Online,Female,Midnight,2022,11
290,2022-05-03,Panipuri,Fastfood,20,7,140,Cash,Female,Morning,2022,5
291,2023-01-27,Frankie,Fastfood,50,8,400,Online,Female,Night,2023,1
292,2023-01-16,Frankie,Fastfood,50,2,100,Cash,Female,Midnight,2023,1
293,2022-04-21,Panipuri,Fastfood,20,8,160,Online,Female,Morning,2022,4
294,2022-09-23,Aalopuri,Fastfood,20,1,20,Cash,Female,Evening,2022,9
295,2022-07-21,Sandwich,Fastfood,60,7,420,Cash,Male,Midnight,2022,7
296,2023-02-06,Panipuri,Fastfood,20,7,140,Cash,Female,Afternoon,2023,2
297,2022-04-30,Sandwich,Fastfood,60,10,600,Online,Male,Evening,2022,4
298,2022-07-19,Sugarcane juice,Beverages,25,9,225,Cash,Female,Afternoon,2022,7
299,2022-07-22,Aalopuri,Fastfood,20,1,20,Online,Female,Evening,2022,7
300,2022-06-27,Aalopuri,Fastfood,20,8,160,Cash,Male,Afternoon,2022,6
301,2023-01-28,Panipuri,Fastfood,20,7,140,Cash,Male,Night,2023,1
302,2023-03-21,Aalopuri,Fastfood,20,14,280,Cash,Male,Night,2023,3
303,2022-07-02,Sugarcane juice,Beverages,25,1,25,Cash,Female,Midnight,2022,7
304,2022-05-28,Vadapav,Fastfood,20,15,300,Online,Male,Morning,2022,5
305,2023-03-05,Panipuri,Fastfood,20,4,80,Others,Female,Morning,2023,3
306,2023-03-03,Cold coffee,Beverages,40,8,320,Online,Female,Morning,2023,3
307,2023-02-13,Vadapav,Fastfood,20,8,160,Cash,Male,Evening,2023,2
308,2022-12-17,Sandwich,Fastfood,60,13,780,Online,Male,Evening,2022,12
309,2022-10-14,Sandwich,Fastfood,60,8,480,Online,Male,Evening,2022,10
310,2022-04-25,Vadapav,Fastfood,20,4,80,Cash,Male,Afternoon,2022,4
311,2022-07-31,Frankie,Fastfood,50,7,350,Others,Female,Morning,2022,7
312,2022-12-28,Cold coffee,Beverages,40,1,40,Cash,Female,Night,2022,12
313,2022-04-19,Cold coffee,Beverages,40,1,40,Cash,Male,Midnight,2022,4
314,2023-02-27,Frankie,Fastfood,50,8,400,Online,Female,Morning,2023,2
315,2023-02-20,Cold coffee,Beverages,40,13,520,Online,Female,Afternoon,2023,2
316,2022-11-02,Frankie,Fastfood,50,4,200,Online,Male,Morning,2022,11
317,2023-03-10,Aalopuri,Fastfood,20,12,240,Online,Female,Afternoon,2023,3
318,2022-12-21,Aalopuri,Fastfood,20,10,200,Online,Female,Midnight,2022,12
319,2022-06-30,Frankie,Fastfood,50,15,750,Cash,Male,Afternoon,2022,6
320,2023-03-18,Sugarcane juice,Beverages,25,7,175,Cash,Female,Afternoon,2023,3
321,2023-02-08,Frankie,Fastfood,50,12,600,Cash,Female,Evening,2023,2
322,2022-05-05,Cold coffee,Beverages,40,11,440,Cash,Male,Morning,2022,5
323,2022-12-29,Aalopuri,Fastfood,20,4,80,Cash,Male,Morning,2022,12
324,2022-07-18,Sugarcane juice,Beverages,25,15,375,Online,Female,Night,2022,7
325,2023-03-02,Aalopuri,Fastfood,20,12,240,Others,Female,Afternoon,2023,3
326,2022-05-03,Sandwich,Fastfood,60,8,480,Cash,Male,Evening,2022,5
327,2022-11-29,Frankie,Fastfood,50,15,750,Cash,Female,Midnight,2022,11
328,2022-06-16,Vadapav,Fastfood,20,3,60,Online,Male,Evening,2022,6
329,2023-01-10,Panipuri,Fastfood,20,7,140,Online,Female,Afternoon,2023,1
330,2022-09-22,Panipuri,Fastfood,20,8,160,Others,Male,Morning,2022,9
331,2022-08-21,Panipuri,Fastfood,20,4,80,Online,Female,Evening,2022,8
332,2023-02-17,Aalopuri,Fastfood,20,2,40,Others,Female,Afternoon,2023,2
333,2022-10-30,Sugarcane juice,Beverages,25,11,275,Cash,Female,Afternoon,2022,10
334,2022-04-04,Cold coffee,Beverages,40,4,160,Cash,Female,Evening,2022,4
335,2022-10-24,Cold coffee,Beverages,40,11,440,Cash,Male,Night,2022,10
336,2022-09-03,Sugarcane juice,Beverages,25,13,325,Others,Female,Midnight,2022,9
337,2022-10-15,Aalopuri,Fastfood,20,14,280,Online,Female,Midnight,2022,10
338,2022-05-06,Sugarcane juice,Beverages,25,12,300,Cash,Male,Morning,2022,5
339,2023-02-16,Sugarcane juice,Beverages,25,1,25,Others,Female,Midnight,2023,2
340,2022-06-02,Cold coffee,Beverages,40,4,160,Cash,Female,Evening,2022,6
341,2023-03-19,Frankie,Fastfood,50,9,450,Cash,Female,Evening,2023,3
342,2023-03-11,Vadapav,Fastfood,20,7,140,Online,Male,Afternoon,2023,3
343,2023-01-18,Sugarcane juice,Beverages,25,5,125,Cash,Male,Afternoon,2023,1
344,2022-05-13,Cold coffee,Beverages,40,14,560,Cash,Male,Night,2022,5
345,2022-05-09,Panipuri,Fastfood,20,14,280,Online,Female,Night,2022,5
346,2023-01-31,Cold coffee,Beverages,40,12,480,Cash,Male,Morning,2023,1
347,2022-06-24,Frankie,Fastfood,50,7,350,Cash,Female,Afternoon,2022,6
348,2022-09-19,Vadapav,Fastfood,20,1,20,Online,Female,Midnight,2022,9
349,2022-08-17,Panipuri,Fastfood,20,5,100,Cash,Female,Evening,2022,8
350,2022-09-21,Cold coffee,Beverages,40,8,320,Online,Female,Morning,2022,9
351,2022-07-08,Frankie,Fastfood,50,5,250,Online,Female,Night,2022,7
352,2022-05-25,Frankie,Fastfood,50,11,550,Cash,Female,Night,2022,5
353,2022-05-18,Vadapav,Fastfood,20,4,80,Online,Female,Midnight,2022,5
354,2023-01-16,Panipuri,Fastfood,20,14,280,Online,Male,Midnight,2023,1
355,2023-03-15,Cold coffee,Beverages,40,4,160,Online,Male,Midnight,2023,3
356,2022-05-26,Sugarcane juice,Beverages,25,14,350,Cash,Female,Night,2022,5
357,2022-09-21,Sandwich,Fastfood,60,9,540,Online,Female,Afternoon,2022,9
358,2022-10-27,Aalopuri,Fastfood,20,6,120,Cash,Male,Night,2022,10
359,2022-08-27,Aalopuri,Fastfood,20,13,260,Online,Female,Night,2022,8
360,2022-10-06,Cold coffee,Beverages,40,2,80,Online,Female,Midnight,2022,10
361,2022-06-30,Sandwich,Fastfood,60,15,900,Others,Female,Night,2022,6
362,2022-12-30,Sugarcane juice,Beverages,25,2,50,Cash,Male,Morning,2022,12
363,2022-05-09,Frankie,Fastfood,50,9,450,Online,Male,Afternoon,2022,5
364,2022-10-11,Cold coffee,Beverages,40,2,80,Online,Male,Night,2022,10
365,2022-07-08,Panipuri,Fastfood,20,10,200,Online,Male,Night,2022,7
366,2022-11-30,Sugarcane juice,Beverages,25,10,250,Online,Female,Afternoon,2022,11
367,2022-08-10,Panipuri,Fastfood,20,6,120,Others,Male,Afternoon,2022,8
368,2022-08-31,Cold coffee,Beverages,40,2,80,Cash,Male,Night,2022,8
369,2022-07-03,Sandwich,Fastfood,60,2,120,Online,Female,Evening,2022,7
370,2022-05-28,Panipuri,Fastfood,20,5,100,Others,Female,Midnight,2022,5
371,2022-10-18,Vadapav,Fastfood,20,5,100,Online,Female,Night,2022,10
372,2022-11-19,Frankie,Fastfood,50,12,600,Others,Male,Morning,2022,11
373,2022-05-08,Sugarcane juice,Beverages,25,12,300,Cash,Female,Midnight,2022,5
374,2022-07-24,Frankie,Fastfood,50,10,500,Online,Male,Midnight,2022,7
375,2022-11-17,Panipuri,Fastfood,20,13,260,Cash,Male,Evening,2022,11
376,2022-12-04,Frankie,Fastfood,50,15,750,Cash,Male,Midnight,2022,12
377,2022-05-20,Sugarcane juice,Beverages,25,3,75,Online,Female,Evening,2022,5
378,2022-04-24,Vadapav,Fastfood,20,2,40,Cash,Female,Midnight,2022,4
379,2023-02-15,Cold coffee,Beverages,40,14,560,Others,Male,Afternoon,2023,2
380,2022-10-20,Sandwich,Fastfood,60,5,300,Online,Female,Afternoon,2022,10
381,2023-02-26,Vadapav,Fastfood,20,1,20,Online,Male,Morning,2023,2
382,2022-08-16,Cold coffee,Beverages,40,9,360,Cash,Female,Night,2022,8
383,2022-05-06,Aalopuri,Fastfood,20,7,140,Online,Female,Morning,2022,5
384,2022-10-22,Sugarcane juice,Beverages,25,1,25,Online,Male,Afternoon,2022,10
385,2022-04-25,Vadapav,Fastfood,20,5,100,Cash,Male,Morning,2022,4
386,2022-11-23,Frankie,Fastfood,50,5,250,Online,Male,Midnight,2022,11
387,2023-03-17,Sugarcane juice,Beverages,25,14,350,Cash,Female,Midnight,2023,3
388,2022-10-09,Sandwich,Fastfood,60,14,840,Cash,Male,Evening,2022,10
389,2022-12-22,Sandwich,Fastfood,60,12,720,Cash,Female,Evening,2022,12
390,2022-06-18,Sugarcane juice,Beverages,25,5,125,Others,Male,Midnight,2022,6
391,2022-04-21,Aalopuri,Fastfood,20,1,20,Online,Female,Night,2022,4
392,2022-09-18,Aalopuri,Fastfood,20,15,300,Online,Male,Night,2022,9
393,2022-07-02,Sugarcane juice,Beverages,25,10,250,Online,Female,Evening,2022,7
394,2022-04-03,Sandwich,Fastfood,60,1,60,Cash,Female,Morning,2022,4
395,2023-01-31,Sandwich,Fastfood,60,3,180,Cash,Female,Evening,2023,1
396,2022-10-31,Frankie,Fastfood,50,15,750,Online,Male,Morning,2022,10
397,2022-07-06,Aalopuri,Fastfood,20,2,40,Online,Female,Afternoon,2022,7
398,2023-01-13,Panipuri,Fastfood,20,6,120,Online,Male,Evening,2023,1
399,2022-06-24,Panipuri,Fastfood,20,9,180,Cash,Female,Evening,2022,6
400,2023-03-04,Cold coffee,Beverages,40,15,600,Cash,Female,Morning,2023,3
401,2022-10-11,Sugarcane juice,Beverages,25,8,200,Online,Female,Midnight,2022,10
402,2023-03-19,Frankie,Fastfood,50,7,350,Cash,Male,Night,2023,3
403,2022-09-25,Cold coffee,Beverages,40,3,120,Online,Female,Midnight,2022,9
404,2022-11-26,Frankie,Fastfood,50,7,350,Cash,Female,Midnight,2022,11
405,2022-12-13,Sugarcane juice,Beverages,25,10,250,Cash,Male,Night,2022,12
406,2022-10-13,Cold coffee,Beverages,40,4,160,Online,Female,Afternoon,2022,10
407,2023-01-02,Sugarcane juice,Beverages,25,2,50,Cash,Male,Evening,2023,1
408,2022-10-05,Vadapav,Fastfood,20,4,80,Online,Male,Midnight,2022,10
409,2022-09-15,Aalopuri,Fastfood,20,9,180,Cash,Female,Morning,2022,9
410,2022-11-23,Aalopuri,Fastfood,20,15,300,Online,Male,Afternoon,2022,11
411,2022-11-20,Panipuri,Fastfood,20,12,240,Cash,Male,Afternoon,2022,11
412,2023-03-09,Sugarcane juice,Beverages,25,14,350,Others,Male,Afternoon,2023,3
413,2022-04-03,Aalopuri,Fastfood,20,10,200,Online,Female,Midnight,2022,4
414,2023-01-21,Cold coffee,Beverages,40,13,520,Others,Male,Night,2023,1
415,2022-12-05,Vadapav,Fastfood,20,8,160,Online,Male,Evening,2022,12
416,2022-08-05,Sandwich,Fastfood,60,9,540,Others,Male,Morning,2022,8
417,2023-01-16,Panipuri,Fastfood,20,3,60,Cash,Male,Evening,2023,1
418,2022-11-12,Cold coffee,Beverages,40,7,280,Online,Male,Night,2022,11
419,2022-10-08,Sugarcane juice,Beverages,25,14,350,Others,Female,Midnight,2022,10
420,2023-01-30,Frankie,Fastfood,50,13,650,Online,Female,Evening,2023,1
421,2023-03-24,Cold coffee,Beverages,40,2,80,Online,Male,Midnight,2023,3
422,2022-08-02,Cold coffee,Beverages,40,7,280,Online,Male,Evening,2022,8
423,2022-10-21,Frankie,Fastfood,50,7,350,Cash,Female,Night,2022,10
424,2022-04-21,Sugarcane juice,Beverages,25,9,225,Online,Female,Midnight,2022,4
425,2022-08-17,Panipuri,Fastfood,20,14,280,Online,Male,Afternoon,2022,8
426,2023-01-20,Frankie,Fastfood,50,14,700,Cash,Male,Midnight,2023,1
427,2022-05-21,Sandwich,Fastfood,60,2,120,Online,Male,Afternoon,2022,5
428,2022-12-24,Sugarcane juice,Beverages,25,8,200,Online,Male,Afternoon,2022,12
429,2022-09-19,Cold coffee,Beverages,40,3,120,Online,Male,Night,2022,9
430,2022-11-05,Sandwich,Fastfood,60,4,240,Online,Male,Night,2022,11
431,2023-03-16,Panipuri,Fastfood,20,6,120,Online,Male,Evening,2023,3
432,2023-03-27,Panipuri,Fastfood,20,6,120,Online,Male,Afternoon,2023,3
433,2022-05-27,Panipuri,Fastfood,20,14,280,Online,Female,Evening,2022,5
434,2022-08-21,Aalopuri,Fastfood,20,12,240,Cash,Male,Morning,2022,8
435,2022-05-08,Sandwich,Fastfood,60,1,60,Cash,Female,Afternoon,2022,5
436,2023-01-05,Frankie,Fastfood,50,10,500,Cash,Male,Midnight,2023,1
437,2022-08-31,Cold coffee,Beverages,40,1,40,Others,Male,Morning,2022,8
438,2022-06-20,Cold coffee,Beverages,40,5,200,Online,Male,Morning,2022,6
439,2022-09-30,Frankie,Fastfood,50,13,650,Online,Male,Afternoon,2022,9
440,2022-11-28,Aalopuri,Fastfood,20,7,140,Cash,Male,Afternoon,2022,11
441,2022-11-02,Aalopuri,Fastfood,20,1,20,Online,Female,Midnight,2022,11
442,2022-08-22,Sugarcane juice,Beverages,25,7,175,Online,Female,Night,2022,8
443,2022-09-05,Sugarcane juice,Beverages,25,12,300,Cash,Female,Night,2022,9
444,2022-09-28,Frankie,Fastfood,50,4,200,Others,Male,Evening,2022,9
445,2022-10-22,Sandwich,Fastfood,60,14,840,Online,Female,Morning,2022,10
446,2022-08-31,Cold coffee,Beverages,40,9,360,Cash,Male,Night,2022,8
447,2023-01-17,Frankie,Fastfood,50,6,300,Online,Female,Afternoon,2023,1
448,2022-07-27,Vadapav,Fastfood,20,6,120,Cash,Female,Evening,2022,7
449,2022-09-09,Frankie,Fastfood,50,4,200,Cash,Male,Afternoon,2022,9
450,2022-05-20,Sugarcane juice,Beverages,25,1,25,Online,Male,Morning,2022,5
451,2023-03-15,Sugarcane juice,Beverages,25,10,250,Cash,Female,Midnight,2023,3
452,2022-12-25,Frankie,Fastfood,50,5,250,Online,Male,Afternoon,2022,12
453,2022-10-20,Sandwich,Fastfood,60,1,60,Online,Female,Midnight,2022,10
454,2023-03-07,Sandwich,Fastfood,60,1,60,Online,Female,Evening,2023,3
455,2023-03-01,Cold coffee,Beverages,40,11,440,Cash,Male,Midnight,2023,3
456,2022-12-31,Cold coffee,Beverages,40,13,520,Others,Female,Night,2022,12
457,2022-10-16,Cold coffee,Beverages,40,11,440,Cash,Male,Evening,2022,10
458,2022-09-12,Sugarcane juice,Beverages,25,8,200,Cash,Female,Midnight,2022,9
459,2022-06-08,Vadapav,Fastfood,20,14,280,Cash,Male,Night,2022,6
460,2022-11-20,Aalopuri,Fastfood,20,2,40,Cash,Male,Morning,2022,11
461,2022-07-22,Sugarcane juice,Beverages,25,5,125,Cash,Male,Midnight,2022,7
462,2022-04-24,Vadapav,Fastfood,20,3,60,Cash,Male,Morning,2022,4
463,2022-06-11,Sandwich,Fastfood,60,6,360,Online,Male,Midnight,2022,6
464,2022-10-18,Sugarcane juice,Beverages,25,13,325,Cash,Male,Morning,2022,10
465,2023-01-15,Sugarcane juice,Beverages,25,12,300,Online,Male,Evening,2023,1
466,2023-01-11,Panipuri,Fastfood,20,6,120,Cash,Male,Evening,2023,1
467,2022-10-17,Aalopuri,Fastfood,20,11,220,Online,Male,Morning,2022,10
468,2022-09-08,Panipuri,Fastfood,20,2,40,Cash,Male,Evening,2022,9
469,2022-05-15,Sandwich,Fastfood,60,7,420,Online,Female,Morning,2022,5
470,2022-09-29,Vadapav,Fastfood,20,8,160,Cash,Female,Morning,2022,9
471,2023-02-13,Panipuri,Fastfood,20,7,140,Cash,Female,Afternoon,2023,2
472,2023-01-11,Panipuri,Fastfood,20,10,200,Others,Male,Midnight,2023,1
473,2022-09-04,Sandwich,Fastfood,60,5,300,Cash,Female,Evening,2022,9
474,2022-08-28,Sugarcane juice,Beverages,25,15,375,Cash,Female,Night,2022,8
475,2023-02-24,Cold coffee,Beverages,40,6,240,Cash,Female,Night,2023,2
476,2023-02-02,Aalopuri,Fastfood,20,10,200,Cash,Male,Morning,2023,2
477,2023-02-13,Sandwich,Fastfood,60,15,900,Cash,Female,Midnight,2023,2
478,2022-12-27,Sugarcane juice,Beverages,25,9,225,Cash,Female,Afternoon,2022,12
479,2023-02-13,Sandwich,Fastfood,60,11,660,Cash,Female,Afternoon,2023,2
480,2022-10-02,Vadapav,Fastfood,20,12,240,Cash,Male,Evening,2022,10
481,2022-10-29,Sugarcane juice,Beverages,25,4,100,Cash,Male,Evening,2022,10
482,2023-01-31,Aalopuri,Fastfood,20,1,20,Online,Male,Afternoon,2023,1
483,2022-04-27,Panipuri,Fastfood,20,9,180,Cash,Female,Morning,2022,4
484,2023-03-21,Cold coffee,Beverages,40,5,200,Cash,Female,Afternoon,2023,3
485,2023-02-26,Aalopuri,Fastfood,20,6,120,Cash,Female,Midnight,2023,2
486,2023-02-14,Vadapav,Fastfood,20,6,120,Cash,Female,Midnight,2023,2
487,2022-05-27,Sandwich,Fastfood,60,9,540,Cash,Female,Midnight,2022,5
488,2022-09-21,Cold coffee,Beverages,40,10,400,Cash,Male,Midnight,2022,9
489,2023-02-03,Frankie,Fastfood,50,13,650,Online,Female,Evening,2023,2
490,2022-12-26,Cold coffee,Beverages,40,8,320,Cash,Male,Morning,2022,12
491,2022-05-31,Vadapav,Fastfood,20,2,40,Online,Female,Midnight,2022,5
492,2022-07-11,Sandwich,Fastfood,60,15,900,Cash,Male,Afternoon,2022,7
493,2022-10-02,Cold coffee,Beverages,40,2,80,Online,Male,Morning,2022,10
494,2023-01-14,Cold coffee,Beverages,40,10,400,Cash,Female,Night,2023,1
495,2022-10-20,Aalopuri,Fastfood,20,13,260,Online,Female,Midnight,2022,10
496,2022-11-07,Cold coffee,Beverages,40,10,400,Online,Female,Night,2022,11
497,2023-01-25,Sandwich,Fastfood,60,7,420,Cash,Male,Midnight,2023,1
498,2022-06-16,Frankie,Fastfood,50,1,50,Cash,Male,Midnight,2022,6
499,2022-07-27,Sandwich,Fastfood,60,8,480,Online,Female,Evening,2022,7
500,2022-04-08,Vadapav,Fastfood,20,4,80,Online,Female,Midnight,2022,4
501,2022-08-09,Sugarcane juice,Beverages,25,14,350,Online,Female,Afternoon,2022,8
502,2023-01-04,Panipuri,Fastfood,20,13,260,Online,Male,Night,2023,1
503,2022-11-04,Aalopuri,Fastfood,20,13,260,Cash,Female,Morning,2022,11
504,2022-12-09,Cold coffee,Beverages,40,8,320,Cash,Male,Evening,2022,12
505,2023-02-12,Frankie,Fastfood,50,4,200,Cash,Male,Night,2023,2
506,2022-12-26,Cold coffee,Beverages,40,12,480,Cash,Female,Midnight,2022,12
507,2022-12-14,Aalopuri,Fastfood,20,14,280,Online,Female,Morning,2022,12
508,2022-12-10,Sandwich,Fastfood,60,1,60,Cash,Male,Night,2022,12
509,2022-10-26,Vadapav,Fastfood,20,11,220,Online,Male,Evening,2022,10
510,2022-04-04,Sandwich,Fastfood,60,14,840,Online,Male,Afternoon,2022,4
511,2022-08-02,Panipuri,Fastfood,20,4,80,Cash,Female,Night,2022,8
512,2023-01-11,Panipuri,Fastfood,20,3,60,Cash,Female,Afternoon,2023,1
513,2022-07-16,Cold coffee,Beverages,40,5,200,Cash,Female,Night,2022,7
514,2022-08-24,Cold coffee,Beverages,40,8,320,Online,Female,Evening,2022,8
515,2022-11-02,Sandwich,Fastfood,60,7,420,Others,Female,Night,2022,11
516,2022-09-22,Sugarcane juice,Beverages,25,12,300,Online,Female,Midnight,2022,9
517,2022-07-02,Panipuri,Fastfood,20,13,260,Online,Male,Evening,2022,7
518,2022-12-09,Aalopuri,Fastfood,20,6,120,Cash,Female,Morning,2022,12
519,2022-11-25,Cold coffee,Beverages,40,10,400,Cash,Male,Morning,2022,11
520,2022-04-03,Panipuri,Fastfood,20,11,220,Online,Female,Night,2022,4
521,2023-01-27,Panipuri,Fastfood,20,14,280,Online,Male,Morning,2023,1
522,2022-12-29,Panipuri,Fastfood,20,13,260,Cash,Female,Midnight,2022,12
523,2022-11-03,Frankie,Fastfood,50,6,300,Cash,Male,Afternoon,2022,11
524,2022-05-01,Aalopuri,Fastfood,20,13,260,Online,Male,Afternoon,2022,5
525,2022-05-04,Vadapav,Fastfood,20,3,60,Cash,Male,Midnight,2022,5
526,2022-07-04,Sandwich,Fastfood,60,10,600,Cash,Female,Evening,2022,7
527,2023-01-06,Sugarcane juice,Beverages,25,6,150,Cash,Female,Afternoon,2023,1
528,2022-07-01,Sugarcane juice,Beverages,25,7,175,Cash,Female,Midnight,2022,7
529,2022-05-15,Aalopuri,Fastfood,20,12,240,Others,Female,Afternoon,2022,5
530,2022-07-27,Panipuri,Fastfood,20,6,120,Cash,Female,Night,2022,7
531,2022-10-04,Cold coffee,Beverages,40,10,400,Cash,Male,Night,2022,10
532,2023-03-27,Panipuri,Fastfood,20,13,260,Online,Female,Midnight,2023,3
533,2023-02-05,Frankie,Fastfood,50,2,100,Others,Female,Night,2023,2
534,2022-05-16,Vadapav,Fastfood,20,2,40,Online,Female,Night,2022,5
535,2022-09-05,Sandwich,Fastfood,60,4,240,Online,Male,Midnight,2022,9
536,2023-03-01,Sugarcane juice,Beverages,25,7,175,Cash,Female,Evening,2023,3
537,2023-01-25,Panipuri,Fastfood,20,3,60,Cash,Male,Evening,2023,1
538,2022-06-05,Panipuri,Fastfood,20,7,140,Online,Male,Morning,2022,6
539,2022-09-07,Panipuri,Fastfood,20,3,60,Online,Male,Evening,2022,9
540,2022-05-27,Vadapav,Fastfood,20,13,260,Cash,Male,Afternoon,2022,5
541,2022-07-30,Panipuri,Fastfood,20,12,240,Cash,Male,Night,2022,7
542,2022-08-04,Sugarcane juice,Beverages,25,9,225,Cash,Male,Evening,2022,8
543,2022-04-10,Aalopuri,Fastfood,20,15,300,Cash,Female,Evening,2022,4
544,2022-12-14,Sandwich,Fastfood,60,15,900,Online,Female,Morning,2022,12
545,2023-01-01,Sandwich,Fastfood,60,13,780,Online,Female,Midnight,2023,1
546,2022-07-09,Aalopuri,Fastfood,20,1,20,Cash,Female,Midnight,2022,7
547,2022-05-14,Cold coffee,Beverages,40,10,400,Online,Male,Morning,2022,5
548,2023-03-29,Cold coffee,Beverages,40,14,560,Cash,Male,Afternoon,2023,3
549,2022-04-15,Sugarcane juice,Beverages,25,3,75,Online,Male,Afternoon,2022,4
550,2022-11-15,Cold coffee,Beverages,40,15,600,Online,Male,Afternoon,2022,11
551,2022-07-30,Sugarcane juice,Beverages,25,7,175,Cash,Male,Evening,2022,7
552,2022-09-12,Sugarcane juice,Beverages,25,15,375,Cash,Female,Midnight,2022,9
553,2022-11-11,Panipuri,Fastfood,20,14,280,Cash,Male,Evening,2022,11
554,2023-03-09,Panipuri,Fastfood,20,4,80,Cash,Female,Afternoon,2023,3
555,2022-04-16,Sandwich,Fastfood,60,6,360,Cash,Female,Evening,2022,4
556,2023-02-27,Vadapav,Fastfood,20,9,180,Cash,Female,Night,2023,2
557,2022-06-30,Sandwich,Fastfood,60,2,120,Cash,Female,Evening,2022,6
558,2022-10-01,Panipuri,Fastfood,20,5,100,Online,Male,Morning,2022,10
559,2022-08-31,Cold coffee,Beverages,40,5,200,Online,Female,Night,2022,8
560,2022-12-10,Sugarcane juice,Beverages,25,1,25,Cash,Male,Evening,2022,12
561,2022-06-13,Panipuri,Fastfood,20,1,20,Cash,Female,Midnight,2022,6
562,2022-08-09,Frankie,Fastfood,50,4,200,Cash,Male,Afternoon,2022,8
563,2022-10-13,Frankie,Fastfood,50,7,350,Online,Female,Evening,2022,10
564,2022-09-27,Cold coffee,Beverages,40,2,80,Others,Male,Morning,2022,9
565,2022-09-27,Panipuri,Fastfood,20,15,300,Cash,Male,Evening,2022,9
566,2022-07-19,Frankie,Fastfood,50,3,150,Cash,Male,Evening,2022,7
567,2022-10-16,Cold coffee,Beverages,40,7,280,Online,Female,Afternoon,2022,10
568,2022-12-29,Panipuri,Fastfood,20,12,240,Others,Female,Afternoon,2022,12
569,2023-01-02,Cold coffee,Beverages,40,15,600,Online,Female,Midnight,2023,1
570,2022-09-15,Sugarcane juice,Beverages,25,4,100,Cash,Male,Morning,2022,9
571,2022-11-28,Sugarcane juice,Beverages,25,1,25,Cash,Female,Evening,2022,11
572,2022-04-02,Sandwich,Fastfood,60,15,900,Cash,Male,Afternoon,2022,4
573,2022-09-07,Frankie,Fastfood,50,2,100,Cash,Male,Afternoon,2022,9
574,2022-10-22,Aalopuri,Fastfood,20,1,20,Cash,Female,Night,2022,10
575,2022-12-24,Vadapav,Fastfood,20,1,20,Online,Female,Midnight,2022,12
576,2023-03-23,Panipuri,Fastfood,20,12,240,Cash,Female,Afternoon,2023,3
577,2022-09-06,Cold coffee,Beverages,40,7,280,Cash,Male,Evening,2022,9
578,2022-06-30,Frankie,Fastfood,50,5,250,Online,Female,Night,2022,6
579,2022-04-27,Panipuri,Fastfood,20,2,40,Cash,Male,Evening,2022,4
580,2022-07-01,Panipuri,Fastfood,20,10,200,Online,Male,Night,2022,7
581,2022-04-23,Sugarcane juice,Beverages,25,13,325,Cash,Male,Afternoon,2022,4
582,2022-05-12,Aalopuri,Fastfood,20,13,260,Cash,Male,Morning,2022,5
583,2022-05-31,Frankie,Fastfood,50,8,400,Cash,Male,Night,2022,5
584,2022-12-04,Cold coffee,Beverages,40,15,600,Cash,Male,Morning,2022,12
585,2023-03-05,Vadapav,Fastfood,20,11,220,Cash,Female,Morning,2023,3
586,2022-05-22,Sandwich,Fastfood,60,15,900,Online,Male,Night,2022,5
587,2022-04-09,Aalopuri,Fastfood,20,10,200,Cash,Female,Night,2022,4
588,2022-06-16,Frankie,Fastfood,50,11,550,Cash,Female,Morning,2022,6
589,2022-08-25,Cold coffee,Beverages,40,5,200,Cash,Male,Night,2022,8
590,2023-03-27,Panipuri,Fastfood,20,15,300,Online,Male,Midnight,2023,3
591,2022-10-01,Sandwich,Fastfood,60,13,780,Cash,Female,Morning,2022,10
592,2022-12-04,Sugarcane juice,Beverages,25,7,175,Cash,Male,Morning,2022,12
593,2023-02-16,Sugarcane juice,Beverages,25,9,225,Cash,Female,Evening,2023,2
594,2023-01-20,Frankie,Fastfood,50,6,300,Cash,Female,Morning,2023,1
595,2023-02-22,Frankie,Fastfood,50,9,450,Online,Male,Afternoon,2023,2
596,2022-04-26,Cold coffee,Beverages,40,1,40,Online,Female,Night,2022,4
597,2022-11-30,Panipuri,Fastfood,20,10,200,Online,Male,Midnight,2022,11
598,2022-08-02,Cold coffee,Beverages,40,8,320,Cash,Female,Afternoon,2022,8
599,2022-10-03,Frankie,Fastfood,50,13,650,Cash,Male,Morning,2022,10
600,2022-12-24,Panipuri,Fastfood,20,6,120,Cash,Female,Morning,2022,12
601,2022-11-01,Aalopuri,Fastfood,20,12,240,Online,Male,Morning,2022,11
602,2022-08-27,Aalopuri,Fastfood,20,10,200,Cash,Male,Night,2022,8
603,2022-08-31,Vadapav,Fastfood,20,10,200,Cash,Female,Afternoon,2022,8
604,2022-09-08,Frankie,Fastfood,50,10,500,Cash,Female,Night,2022,9
605,2022-04-04,Cold coffee,Beverages,40,15,600,Others,Female,Afternoon,2022,4
606,2022-04-09,Cold coffee,Beverages,40,6,240,Cash,Female,Night,2022,4
607,2022-12-15,Vadapav,Fastfood,20,9,180,Cash,Female,Afternoon,2022,12
608,2023-02-28,Aalopuri,Fastfood,20,1,20,Online,Male,Midnight,2023,2
609,2023-02-07,Aalopuri,Fastfood,20,14,280,Others,Male,Midnight,2023,2
610,2022-05-08,Frankie,Fastfood,50,13,650,Online,Female,Evening,2022,5
611,2022-06-25,Aalopuri,Fastfood,20,2,40,Online,Female,Morning,2022,6
612,2023-02-06,Aalopuri,Fastfood,20,3,60,Online,Male,Midnight,2023,2
613,2022-06-10,Vadapav,Fastfood,20,5,100,Online,Female,Night,2022,6
614,2022-12-19,Vadapav,Fastfood,20,2,40,Others,Male,Morning,2022,12
615,2022-08-14,Sandwich,Fastfood,60,14,840,Others,Male,Morning,2022,8
616,2022-07-15,Vadapav,Fastfood,20,6,120,Online,Female,Midnight,2022,7
617,2022-06-28,Sugarcane juice,Beverages,25,2,50,Cash,Male,Night,2022,6
618,2022-04-08,Frankie,Fastfood,50,1,50,Online,Male,Evening,2022,4
619,2022-09-09,Sugarcane juice,Beverages,25,4,100,Cash,Female,Morning,2022,9
620,2022-09-14,Panipuri,Fastfood,20,12,240,Online,Female,Evening,2022,9
621,2023-02-13,Aalopuri,Fastfood,20,2,40,Online,Female,Evening,2023,2
622,2022-12-14,Panipuri,Fastfood,20,13,260,Online,Male,Afternoon,2022,12
623,2022-04-02,Cold coffee,Beverages,40,15,600,Cash,Male,Midnight,2022,4
624,2023-03-08,Sandwich,Fastfood,60,9,540,Cash,Female,Morning,2023,3
625,2022-06-17,Sandwich,Fastfood,60,15,900,Online,Male,Morning,2022,6
626,2023-02-01,Cold coffee,Beverages,40,15,600,Cash,Male,Night,2023,2
627,2022-06-22,Sugarcane juice,Beverages,25,15,375,Online,Male,Afternoon,2022,6
628,2022-05-02,Cold coffee,Beverages,40,10,400,Others,Female,Night,2022,5
629,2023-01-20,Sugarcane juice,Beverages,25,9,225,Cash,Female,Evening,2023,1
630,2022-05-27,Frankie,Fastfood,50,7,350,Others,Female,Morning,2022,5
631,2022-07-01,Cold coffee,Beverages,40,13,520,Cash,Female,Evening,2022,7
632,2022-10-28,Panipuri,Fastfood,20,9,180,Online,Female,Night,2022,10
633,2022-05-24,Cold coffee,Beverages,40,3,120,Online,Male,Evening,2022,5
634,2022-07-26,Panipuri,Fastfood,20,13,260,Cash,Male,Afternoon,2022,7
635,2023-02-06,Vadapav,Fastfood,20,15,300,Online,Female,Night,2023,2
636,2022-04-26,Cold coffee,Beverages,40,12,480,Others,Male,Morning,2022,4
637,2022-05-14,Aalopuri,Fastfood,20,7,140,Cash,Male,Midnight,2022,5
638,2022-08-20,Cold coffee,Beverages,40,11,440,Online,Female,Afternoon,2022,8
639,2023-01-26,Vadapav,Fastfood,20,14,280,Cash,Female,Morning,2023,1
640,2023-01-04,Sandwich,Fastfood,60,15,900,Online,Male,Night,2023,1
641,2023-02-09,Vadapav,Fastfood,20,15,300,Cash,Male,Afternoon,2023,2
642,2022-05-09,Cold coffee,Beverages,40,10,400,Online,Female,Morning,2022,5
643,2022-10-20,Sugarcane juice,Beverages,25,2,50,Cash,Male,Afternoon,2022,10
644,2023-02-03,Panipuri,Fastfood,20,5,100,Online,Female,Evening,2023,2
645,2022-07-26,Sandwich,Fastfood,60,9,540,Cash,Female,Night,2022,7
646,2022-08-30,Vadapav,Fastfood,20,14,280,Online,Female,Afternoon,2022,8
647,2022-06-05,Vadapav,Fastfood,20,3,60,Cash,Male,Afternoon,2022,6
648,2022-05-27,Sandwich,Fastfood,60,7,420,Cash,Male,Night,2022,5
649,2022-11-05,Frankie,Fastfood,50,9,450,Cash,Male,Midnight,2022,11
650,2022-04-07,Sandwich,Fastfood,60,13,780,Online,Female,Morning,2022,4
651,2022-07-11,Sandwich,Fastfood,60,10,600,Online,Female,Midnight,2022,7
652,2022-05-21,Cold coffee,Beverages,40,13,520,Online,Female,Afternoon,2022,5
653,2022-05-30,Frankie,Fastfood,50,10,500,Online,Female,Midnight,2022,5
654,2023-03-04,Vadapav,Fastfood,20,9,180,Cash,Female,Morning,2023,3
655,2022-06-30,Sugarcane juice,Beverages,25,12,300,Online,Male,Morning,2022,6
656,2022-11-28,Sandwich,Fastfood,60,6,360,Online,Female,Midnight,2022,11
657,2023-01-10,Cold coffee,Beverages,40,7,280,Others,Male,Midnight,2023,1
658,2022-10-10,Aalopuri,Fastfood,20,12,240,Others,Female,Afternoon,2022,10
659,2023-01-21,Panipuri,Fastfood,20,2,40,Online,Male,Afternoon,2023,1
660,2022-07-25,Sandwich,Fastfood,60,9,540,Cash,Female,Night,2022,7
661,2022-10-11,Frankie,Fastfood,50,7,350,Online,Female,Midnight,2022,10
662,2023-02-15,Panipuri,Fastfood,20,3,60,Online,Female,Afternoon,2023,2
663,2023-02-05,Sugarcane juice,Beverages,25,1,25,Online,Male,Night,2023,2
664,2022-10-31,Frankie,Fastfood,50,10,500,Online,Female,Morning,2022,10
665,2022-05-06,Aalopuri,Fastfood,20,14,280,Online,Female,Evening,2022,5
666,2023-01-25,Panipuri,Fastfood,20,9,180,Cash,Male,Evening,2023,1
667,2022-09-28,Vadapav,Fastfood,20,3,60,Cash,Female,Evening,2022,9
668,2022-05-11,Aalopuri,Fastfood,20,4,80,Online,Male,Morning,2022,5
669,2023-03-18,Sandwich,Fastfood,60,11,660,Online,Male,Evening,2023,3
670,2022-07-05,Panipuri,Fastfood,20,15,300,Cash,Male,Night,2022,7
671,2022-10-09,Sandwich,Fastfood,60,2,120,Online,Male,Afternoon,2022,10
672,2022-11-24,Cold coffee,Beverages,40,3,120,Others,Female,Evening,2022,11
673,2022-09-17,Sandwich,Fastfood,60,12,720,Cash,Male,Midnight,2022,9
674,2022-07-17,Sugarcane juice,Beverages,25,13,325,Others,Male,Morning,2022,7
675,2022-04-17,Sandwich,Fastfood,60,12,720,Cash,Male,Night,2022,4
676,2022-05-04,Frankie,Fastfood,50,7,350,Cash,Female,Evening,2022,5
677,2022-05-19,Cold coffee,Beverages,40,3,120,Online,Female,Morning,2022,5
678,2022-05-23,Aalopuri,Fastfood,20,3,60,Online,Male,Evening,2022,5
679,2022-11-02,Sandwich,Fastfood,60,12,720,Online,Male,Morning,2022,11
680,2022-04-20,Cold coffee,Beverages,40,4,160,Cash,Male,Night,2022,4
681,2022-12-09,Frankie,Fastfood,50,9,450,Online,Female,Night,2022,12
682,2022-10-11,Aalopuri,Fastfood,20,14,280,Online,Male,Midnight,2022,10
683,2022-08-12,Frankie,Fastfood,50,15,750,Cash,Male,Midnight,2022,8
684,2022-09-18,Vadapav,Fastfood,20,5,100,Cash,Male,Afternoon,2022,9
685,2022-05-20,Aalopuri,Fastfood,20,3,60,Cash,Female,Afternoon,2022,5
686,2022-11-25,Cold coffee,Beverages,40,5,200,Cash,Male,Afternoon,2022,11
687,2022-12-18,Vadapav,Fastfood,20,10,200,Cash,Female,Midnight,2022,12
688,2022-05-14,Frankie,Fastfood,50,5,250,Online,Male,Afternoon,2022,5
689,2022-08-13,Vadapav,Fastfood,20,6,120,Cash,Female,Afternoon,2022,8
690,2022-10-05,Vadapav,Fastfood,20,9,180,Cash,Female,Night,2022,10
691,2022-04-01,Sandwich,Fastfood,60,7,420,Cash,Female,Evening,2022,4
692,2023-01-13,Frankie,Fastfood,50,14,700,Online,Male,Afternoon,2023,1
693,2022-11-29,Sugarcane juice,Beverages,25,13,325,Online,Female,Midnight,2022,11
694,2022-04-22,Panipuri,Fastfood,20,14,280,Cash,Male,Midnight,2022,4
695,2022-08-24,Panipuri,Fastfood,20,10,200,Online,Female,Midnight,2022,8
696,2023-02-23,Sugarcane juice,Beverages,25,3,75,Online,Female,Evening,2023,2
697,2022-05-05,Sugarcane juice,Beverages,25,5,125,Cash,Male,Midnight,2022,5
698,2022-11-26,Panipuri,Fastfood,20,10,200,Online,Male,Night,2022,11
699,2022-09-09,Cold coffee,Beverages,40,1,40,Online,Male,Evening,2022,9
700,2022-11-15,Frankie,Fastfood,50,6,300,Cash,Female,Evening,2022,11
701,2022-07-19,Sugarcane juice,Beverages,25,14,350,Online,Female,Evening,2022,7
702,2023-03-25,Cold coffee,Beverages,40,13,520,Cash,Female,Afternoon,2023,3
703,2022-11-01,Panipuri,Fastfood,20,10,200,Online,Female,Afternoon,2022,11
704,2022-08-14,Sandwich,Fastfood,60,1,60,Online,Female,Evening,2022,8
705,2022-10-07,Sandwich,Fastfood,60,6,360,Online,Male,Evening,2022,10
706,2023-02-05,Frankie,Fastfood,50,8,400,Online,Male,Night,2023,2
707,2022-12-16,Panipuri,Fastfood,20,2,40,Online,Male,Night,2022,12
708,2023-03-15,Sandwich,Fastfood,60,5,300,Cash,Female,Midnight,2023,3
709,2023-02-22,Cold coffee,Beverages,40,6,240,Cash,Male,Morning,2023,2
710,2023-03-15,Sandwich,Fastfood,60,15,900,Others,Male,Night,2023,3
711,2022-10-30,Aalopuri,Fastfood,20,3,60,Cash,Male,Afternoon,2022,10
712,2022-12-17,Vadapav,Fastfood,20,3,60,Online,Female,Midnight,2022,12
713,2022-12-02,Sugarcane juice,Beverages,25,14,350,Online,Female,Morning,2022,12
714,2022-12-14,Sugarcane juice,Beverages,25,14,350,Cash,Male,Afternoon,2022,12
715,2022-04-12,Sandwich,Fastfood,60,1,60,Online,Male,Morning,2022,4
716,2022-12-03,Panipuri,Fastfood,20,9,180,Cash,Female,Midnight,2022,12
717,2022-10-11,Sugarcane juice,Beverages,25,15,375,Others,Female,Evening,2022,10
718,2022-12-28,Aalopuri,Fastfood,20,2,40,Online,Male,Afternoon,2022,12
719,2022-05-09,Vadapav,Fastfood,20,15,300,Cash,Female,Midnight,2022,5
720,2022-05-10,Frankie,Fastfood,50,14,700,Cash,Female,Morning,2022,5
721,2022-08-13,Panipuri,Fastfood,20,12,240,Others,Male,Afternoon,2022,8
722,2022-09-14,Vadapav,Fastfood,20,15,300,Others,Male,Midnight,2022,9
723,2023-02-16,Cold coffee,Beverages,40,10,400,Online,Male,Evening,2023,2
724,2022-06-27,Frankie,Fastfood,50,10,500,Cash,Female,Night,2022,6
725,2022-07-04,Vadapav,Fastfood,20,6,120,Online,Female,Afternoon,2022,7
726,2022-09-11,Panipuri,Fastfood,20,1,20,Online,Male,Morning,2022,9
727,2022-08-25,Aalopuri,Fastfood,20,5,100,Cash,Female,Midnight,2022,8
728,2022-08-03,Vadapav,Fastfood,20,1,20,Online,Male,Midnight,2022,8
729,2022-11-24,Sandwich,Fastfood,60,7,420,Cash,Male,Night,2022,11
730,2022-06-28,Frankie,Fastfood,50,13,650,Cash,Female,Afternoon,2022,6
731,2023-03-09,Frankie,Fastfood,50,10,500,Cash,Female,Afternoon,2023,3
732,2022-06-13,Panipuri,Fastfood,20,7,140,Others,Female,Midnight,2022,6
733,2023-02-03,Frankie,Fastfood,50,10,500,Cash,Male,Evening,2023,2
734,2022-10-07,Frankie,Fastfood,50,7,350,Cash,Male,Evening,2022,10
735,2022-08-10,Panipuri,Fastfood,20,11,220,Cash,Male,Morning,2022,8
736,2022-09-25,Panipuri,Fastfood,20,13,260,Others,Male,Afternoon,2022,9
737,2022-09-20,Frankie,Fastfood,50,13,650,Online,Female,Night,2022,9
738,2023-03-01,Sandwich,Fastfood,60,4,240,Online,Female,Morning,2023,3
739,2022-06-06,Aalopuri,Fastfood,20,11,220,Online,Male,Night,2022,6
740,2022-07-30,Aalopuri,Fastfood,20,9,180,Cash,Male,Midnight,2022,7
741,2022-07-16,Aalopuri,Fastfood,20,5,100,Online,Male,Afternoon,2022,7
742,2022-11-18,Panipuri,Fastfood,20,14,280,Online,Male,Night,2022,11
743,2022-11-09,Panipuri,Fastfood,20,1,20,Cash,Male,Morning,2022,11
744,2022-06-25,Frankie,Fastfood,50,10,500,Cash,Female,Morning,2022,6
745,2022-09-11,Aalopuri,Fastfood,20,2,40,Online,Male,Evening,2022,9
746,2022-08-05,Sugarcane juice,Beverages,25,5,125,Online,Female,Midnight,2022,8
747,2023-01-14,Cold coffee,Beverages,40,3,120,Cash,Female,Midnight,2023,1
748,2022-09-20,Sandwich,Fastfood,60,14,840,Cash,Female,Night,2022,9
749,2022-08-31,Vadapav,Fastfood,20,11,220,Cash,Male,Morning,2022,8
750,2023-02-01,Frankie,Fastfood,50,1,50,Online,Male,Evening,2023,2
751,2022-09-16,Vadapav,Fastfood,20,2,40,Cash,Male,Afternoon,2022,9
752,2022-06-04,Panipuri,Fastfood,20,2,40,Online,Female,Morning,2022,6
753,2022-06-26,Sugarcane juice,Beverages,25,1,25,Cash,Male,Midnight,2022,6
754,2022-12-29,Sugarcane juice,Beverages,25,14,350,Cash,Female,Evening,2022,12
755,2023-01-02,Aalopuri,Fastfood,20,12,240,Cash,Female,Night,2023,1
756,2022-10-21,Sugarcane juice,Beverages,25,10,250,Online,Female,Morning,2022,10
757,2022-12-25,Sugarcane juice,Beverages,25,11,275,Online,Male,Morning,2022,12
758,2022-09-25,Vadapav,Fastfood,20,3,60,Cash,Female,Evening,2022,9
759,2022-12-25,Sugarcane juice,Beverages,25,13,325,Online,Male,Midnight,2022,12
760,2022-11-14,Sugarcane juice,Beverages,25,1,25,Online,Female,Evening,2022,11
761,2022-11-12,Sandwich,Fastfood,60,3,180,Others,Female,Midnight,2022,11
762,2022-04-09,Vadapav,Fastfood,20,12,240,Online,Female,Midnight,2022,4
763,2022-07-04,Vadapav,Fastfood,20,14,280,Others,Female,Night,2022,7
764,2023-02-14,Sandwich,Fastfood,60,7,420,Cash,Female,Night,2023,2
765,2022-06-15,Sandwich,Fastfood,60,13,780,Cash,Male,Night,2022,6
766,2022-06-19,Sandwich,Fastfood,60,10,600,Online,Female,Morning,2022,6
767,2023-02-26,Frankie,Fastfood,50,8,400,Cash,Female,Afternoon,2023,2
768,2023-01-12,Sandwich,Fastfood,60,14,840,Cash,Male,Afternoon,2023,1
769,2022-06-07,Frankie,Fastfood,50,8,400,Cash,Male,Morning,2022,6
770,2023-02-22,Aalopuri,Fastfood,20,8,160,Cash,Female,Morning,2023,2
771,2022-08-15,Panipuri,Fastfood,20,5,100,Online,Female,Midnight,2022,8
772,2023-03-20,Cold coffee,Beverages,40,9,360,Cash,Male,Evening,2023,3
773,2022-08-14,Cold coffee,Beverages,40,7,280,Online,Male,Afternoon,2022,8
774,2023-03-15,Vadapav,Fastfood,20,1,20,Online,Female,Night,2023,3
775,2023-03-27,Sandwich,Fastfood,60,6,360,Cash,Male,Night,2023,3
776,2023-02-07,Frankie,Fastfood,50,10,500,Cash,Male,Midnight,2023,2
777,2022-10-23,Panipuri,Fastfood,20,13,260,Cash,Male,Morning,2022,10
778,2022-06-11,Frankie,Fastfood,50,13,650,Cash,Male,Evening,2022,6
779,2023-01-16,Sandwich,Fastfood,60,13,780,Others,Male,Night,2023,1
780,2022-11-27,Sugarcane juice,Beverages,25,13,325,Online,Female,Afternoon,2022,11
781,2022-05-27,Aalopuri,Fastfood,20,10,200,Online,Male,Midnight,2022,5
782,2022-12-16,Aalopuri,Fastfood,20,5,100,Online,Male,Night,2022,12
783,2022-04-29,Aalopuri,Fastfood,20,8,160,Cash,Male,Morning,2022,4
784,2022-07-09,Vadapav,Fastfood,20,8,160,Cash,Female,Morning,2022,7
785,2022-12-07,Aalopuri,Fastfood,20,2,40,Online,Male,Afternoon,2022,12
786,2023-03-13,Sandwich,Fastfood,60,14,840,Online,Female,Night,2023,3
787,2023-03-25,Aalopuri,Fastfood,20,2,40,Cash,Female,Afternoon,2023,3
788,2022-08-13,Sugarcane juice,Beverages,25,7,175,Online,Male,Afternoon,2022,8
789,2022-08-03,Sugarcane juice,Beverages,25,7,175,Cash,Male,Morning,2022,8
790,2022-07-20,Panipuri,Fastfood,20,3,60,Cash,Female,Evening,2022,7
791,2022-04-07,Vadapav,Fastfood,20,3,60,Others,Male,Midnight,2022,4
792,2023-02-25,Vadapav,Fastfood,20,2,40,Cash,Female,Morning,2023,2
793,2022-08-30,Sandwich,Fastfood,60,6,360,Cash,Female,Night,2022,8
794,2022-10-02,Sugarcane juice,Beverages,25,5,125,Online,Male,Afternoon,2022,10
795,2023-01-10,Vadapav,Fastfood,20,9,180,Cash,Male,Evening,2023,1
796,2022-06-25,Sugarcane juice,Beverages,25,14,350,Online,Male,Night,2022,6
797,2022-11-26,Cold coffee,Beverages,40,11,440,Cash,Male,Night,2022,11
798,2022-05-22,Frankie,Fastfood,50,12,600,Others,Male,Night,2022,5
799,2023-01-11,Panipuri,Fastfood,20,1,20,Online,Female,Night,2023,1
800,2022-11-06,Cold coffee,Beverages,40,14,560,Cash,Male,Night,2022,11
801,2022-04-28,Aalopuri,Fastfood,20,7,140,Cash,Female,Evening,2022,4
802,2023-01-23,Sandwich,Fastfood,60,7,420,Online,Female,Afternoon,2023,1
803,2022-08-27,Vadapav,Fastfood,20,5,100,Others,Male,Night,2022,8
804,2022-10-11,Cold coffee,Beverages,40,12,480,Online,Female,Night,2022,10
805,2022-05-08,Sugarcane juice,Beverages,25,1,25,Online,Male,Afternoon,2022,5
806,2022-05-23,Vadapav,Fastfood,20,3,60,Online,Male,Evening,2022,5
807,2022-06-13,Frankie,Fastfood,50,1,50,Online,Female,Midnight,2022,6
808,2022-09-21,Panipuri,Fastfood,20,1,20,Online,Male,Morning,2022,9
809,2022-12-12,Panipuri,Fastfood,20,10,200,Online,Male,Evening,2022,12
810,2022-12-27,Vadapav,Fastfood,20,3,60,Online,Male,Morning,2022,12
811,2023-03-02,Aalopuri,Fastfood,20,13,260,Cash,Male,Afternoon,2023,3
812,2022-08-08,Panipuri,Fastfood,20,5,100,Cash,Male,Afternoon,2022,8
813,2022-10-13,Panipuri,Fastfood,20,10,200,Online,Male,Afternoon,2022,10
814,2022-10-05,Vadapav,Fastfood,20,13,260,Cash,Female,Midnight,2022,10
815,2022-04-20,Cold coffee,Beverages,40,12,480,Online,Female,Afternoon,2022,4
816,2023-01-11,Sugarcane juice,Beverages,25,11,275,Cash,Male,Morning,2023,1
817,2022-05-21,Aalopuri,Fastfood,20,12,240,Cash,Female,Evening,2022,5
818,2023-02-28,Frankie,Fastfood,50,6,300,Cash,Male,Night,2023,2
819,2022-10-12,Vadapav,Fastfood,20,10,200,Cash,Male,Evening,2022,10
820,2023-02-24,Aalopuri,Fastfood,20,3,60,Others,Male,Midnight,2023,2
821,2022-07-24,Aalopuri,Fastfood,20,12,240,Cash,Female,Midnight,2022,7
822,2022-06-17,Panipuri,Fastfood,20,12,240,Online,Male,Morning,2022,6
823,2023-02-13,Panipuri,Fastfood,20,11,220,Online,Male,Midnight,2023,2
824,2023-01-18,Vadapav,Fastfood,20,2,40,Online,Female,Evening,2023,1
825,2022-10-30,Panipuri,Fastfood,20,14,280,Cash,Female,Morning,2022,10
826,2022-12-02,Sandwich,Fastfood,60,15,900,Cash,Female,Night,2022,12
827,2023-01-06,Sandwich,Fastfood,60,12,720,Cash,Male,Midnight,2023,1
828,2022-08-18,Panipuri,Fastfood,20,6,120,Cash,Male,Evening,2022,8
829,2022-09-19,Cold coffee,Beverages,40,6,240,Cash,Male,Night,2022,9
830,2022-11-28,Cold coffee,Beverages,40,9,360,Others,Male,Night,2022,11
831,2022-08-01,Frankie,Fastfood,50,5,250,Online,Female,Morning,2022,8
832,2022-06-06,Sugarcane juice,Beverages,25,4,100,Cash,Male,Morning,2022,6
833,2022-09-01,Panipuri,Fastfood,20,2,40,Online,Female,Evening,2022,9
834,2022-05-25,Sugarcane juice,Beverages,25,14,350,Cash,Male,Evening,2022,5
835,2022-09-27,Sugarcane juice,Beverages,25,7,175,Online,Male,Afternoon,2022,9
836,2022-08-31,Vadapav,Fastfood,20,2,40,Cash,Female,Midnight,2022,8
837,2022-05-19,Aalopuri,Fastfood,20,7,140,Cash,Male,Midnight,2022,5
838,2022-07-31,Cold coffee,Beverages,40,9,360,Online,Female,Morning,2022,7
839,2022-05-08,Sugarcane juice,Beverages,25,4,100,Cash,Female,Afternoon,2022,5
840,2023-02-18,Cold coffee,Beverages,40,15,600,Others,Female,Midnight,2023,2
841,2023-02-03,Vadapav,Fastfood,20,9,180,Cash,Male,Night,2023,2
842,2022-05-25,Panipuri,Fastfood,20,2,40,Cash,Female,Evening,2022,5
843,2022-07-04,Sugarcane juice,Beverages,25,1,25,Cash,Female,Morning,2022,7
844,2022-05-04,Sugarcane juice,Beverages,25,13,325,Cash,Male,Morning,2022,5
845,2022-07-01,Cold coffee,Beverages,40,6,240,Online,Female,Evening,2022,7
846,2022-04-20,Aalopuri,Fastfood,20,5,100,Online,Male,Afternoon,2022,4
847,2022-08-14,Panipuri,Fastfood,20,11,220,Online,Male,Midnight,2022,8
848,2022-11-10,Frankie,Fastfood,50,9,450,Cash,Male,Night,2022,11
849,2022-11-03,Cold coffee,Beverages,40,10,400,Cash,Female,Night,2022,11
850,2022-08-20,Vadapav,Fastfood,20,3,60,Online,Female,Afternoon,2022,8
851,2023-01-28,Aalopuri,Fastfood,20,15,300,Online,Female,Night,2023,1
852,2022-05-05,Sugarcane juice,Beverages,25,8,200,Online,Male,Night,2022,5
853,2023-02-17,Cold coffee,Beverages,40,3,120,Online,Female,Midnight,2023,2
854,2022-10-14,Cold coffee,Beverages,40,14,560,Online,Female,Night,2022,10
855,2022-10-23,Vadapav,Fastfood,20,5,100,Online,Male,Evening,2022,10
856,2022-05-04,Aalopuri,Fastfood,20,11,220,Cash,Female,Night,2022,5
857,2022-11-08,Sugarcane juice,Beverages,25,14,350,Online,Female,Evening,2022,11
858,2022-11-22,Cold coffee,Beverages,40,9,360,Cash,Male,Evening,2022,11
859,2022-10-08,Sandwich,Fastfood,60,11,660,Cash,Female,Midnight,2022,10
860,2022-07-16,Cold coffee,Beverages,40,5,200,Cash,Male,Night,2022,7
861,2023-01-24,Sugarcane juice,Beverages,25,8,200,Cash,Female,Night,2023,1
862,2023-03-10,Frankie,Fastfood,50,7,350,Online,Male,Night,2023,3
863,2022-09-08,Frankie,Fastfood,50,9,450,Online,Male,Night,2022,9
864,2022-08-20,Cold coffee,Beverages,40,9,360,Online,Male,Morning,2022,8
865,2023-01-23,Sugarcane juice,Beverages,25,6,150,Cash,Female,Night,2023,1
866,2022-08-13,Frankie,Fastfood,50,10,500,Online,Male,Midnight,2022,8
867,2023-01-26,Frankie,Fastfood,50,15,750,Cash,Male,Midnight,2023,1
868,2022-08-17,Aalopuri,Fastfood,20,13,260,Cash,Female,Evening,2022,8
869,2022-06-26,Panipuri,Fastfood,20,9,180,Online,Male,Midnight,2022,6
870,2022-10-31,Cold coffee,Beverages,40,5,200,Online,Female,Afternoon,2022,10
871,2022-12-07,Vadapav,Fastfood,20,14,280,Others,Female,Evening,2022,12
872,2022-07-14,Sandwich,Fastfood,60,12,720,Cash,Male,Afternoon,2022,7
873,2022-05-09,Sugarcane juice,Beverages,25,1,25,Online,Male,Night,2022,5
874,2022-05-09,Cold coffee,Beverages,40,4,160,Cash,Male,Midnight,2022,5
875,2022-08-05,Vadapav,Fastfood,20,15,300,Cash,Male,Evening,2022,8
876,2022-06-10,Cold coffee,Beverages,40,8,320,Online,Female,Evening,2022,6
877,2022-10-27,Sugarcane juice,Beverages,25,14,350,Cash,Female,Afternoon,2022,10
878,2022-08-12,Sandwich,Fastfood,60,6,360,Online,Male,Evening,2022,8
879,2022-11-06,Cold coffee,Beverages,40,9,360,Cash,Female,Evening,2022,11
880,2022-06-25,Sugarcane juice,Beverages,25,5,125,Cash,Female,Morning,2022,6
881,2022-05-25,Sandwich,Fastfood,60,2,120,Cash,Male,Midnight,2022,5
882,2022-04-23,Panipuri,Fastfood,20,9,180,Online,Male,Morning,2022,4
883,2022-08-24,Aalopuri,Fastfood,20,5,100,Online,Female,Midnight,2022,8
884,2023-03-01,Vadapav,Fastfood,20,12,240,Online,Male,Night,2023,3
885,2022-10-16,Sugarcane juice,Beverages,25,4,100,Cash,Male,Evening,2022,10
886,2022-07-21,Sugarcane juice,Beverages,25,4,100,Cash,Female,Night,2022,7
887,2022-10-24,Aalopuri,Fastfood,20,3,60,Cash,Male,Morning,2022,10
888,2022-09-05,Vadapav,Fastfood,20,8,160,Cash,Male,Evening,2022,9
889,2022-04-12,Vadapav,Fastfood,20,10,200,Online,Male,Midnight,2022,4
890,2023-03-03,Sugarcane juice,Beverages,25,5,125,Cash,Female,Morning,2023,3
891,2022-12-27,Cold coffee,Beverages,40,11,440,Cash,Male,Midnight,2022,12
892,2022-07-14,Sugarcane juice,Beverages,25,7,175,Online,Female,Evening,2022,7
893,2022-07-13,Sugarcane juice,Beverages,25,12,300,Cash,Female,Afternoon,2022,7
894,2023-03-19,Sandwich,Fastfood,60,15,900,Cash,Male,Morning,2023,3
895,2023-01-03,Sugarcane juice,Beverages,25,11,275,Cash,Male,Afternoon,2023,1
896,2022-10-30,Aalopuri,Fastfood,20,13,260,Cash,Male,Night,2022,10
897,2022-08-22,Aalopuri,Fastfood,20,6,120,Online,Male,Morning,2022,8
898,2023-03-02,Frankie,Fastfood,50,8,400,Cash,Male,Afternoon,2023,3
899,2023-01-24,Aalopuri,Fastfood,20,7,140,Cash,Male,Midnight,2023,1
900,2022-12-07,Sugarcane juice,Beverages,25,9,225,Online,Male,Afternoon,2022,12
901,2022-12-24,Vadapav,Fastfood,20,7,140,Online,Female,Morning,2022,12
902,2022-11-23,Frankie,Fastfood,50,4,200,Online,Male,Afternoon,2022,11
903,2023-01-01,Aalopuri,Fastfood,20,15,300,Online,Male,Night,2023,1
904,2023-03-12,Aalopuri,Fastfood,20,4,80,Cash,Female,Midnight,2023,3
905,2022-12-13,Frankie,Fastfood,50,15,750,Cash,Female,Midnight,2022,12
906,2022-04-04,Sandwich,Fastfood,60,15,900,Cash,Male,Afternoon,2022,4
907,2022-10-19,Cold coffee,Beverages,40,4,160,Others,Female,Midnight,2022,10
908,2023-03-06,Sandwich,Fastfood,60,7,420,Cash,Female,Night,2023,3
909,2023-02-21,Cold coffee,Beverages,40,12,480,Online,Female,Morning,2023,2
910,2022-10-09,Panipuri,Fastfood,20,1,20,Cash,Female,Afternoon,2022,10
911,2022-04-09,Sandwich,Fastfood,60,1,60,Cash,Male,Evening,2022,4
912,2022-09-17,Aalopuri,Fastfood,20,6,120,Cash,Male,Evening,2022,9
913,2023-02-15,Frankie,Fastfood,50,15,750,Online,Male,Evening,2023,2
914,2023-03-01,Sandwich,Fastfood,60,14,840,Cash,Male,Night,2023,3
915,2022-10-07,Cold coffee,Beverages,40,7,280,Online,Male,Afternoon,2022,10
916,2022-11-17,Cold coffee,Beverages,40,15,600,Others,Female,Afternoon,2022,11
917,2022-05-15,Vadapav,Fastfood,20,15,300,Online,Male,Evening,2022,5
918,2022-11-12,Panipuri,Fastfood,20,6,120,Cash,Male,Evening,2022,11
919,2023-01-03,Vadapav,Fastfood,20,8,160,Online,Female,Evening,2023,1
920,2022-07-12,Frankie,Fastfood,50,13,650,Online,Male,Evening,2022,7
921,2022-09-21,Vadapav,Fastfood,20,14,280,Cash,Male,Midnight,2022,9
922,2022-06-13,Frankie,Fastfood,50,5,250,Online,Female,Evening,2022,6
923,2022-05-30,Cold coffee,Beverages,40,3,120,Online,Male,Morning,2022,5
924,2022-12-17,Panipuri,Fastfood,20,14,280,Cash,Male,Afternoon,2022,12
925,2022-04-10,Frankie,Fastfood,50,4,200,Online,Female,Afternoon,2022,4
926,2023-02-27,Frankie,Fastfood,50,15,750,Cash,Female,Afternoon,2023,2
927,2022-12-02,Cold coffee,Beverages,40,6,240,Others,Female,Evening,2022,12
928,2022-04-07,Sandwich,Fastfood,60,11,660,Online,Male,Evening,2022,4
929,2022-06-06,Frankie,Fastfood,50,9,450,Online,Female,Night,2022,6
930,2022-11-27,Sugarcane juice,Beverages,25,10,250,Online,Male,Night,2022,11
931,2022-06-26,Aalopuri,Fastfood,20,15,300,Cash,Male,Afternoon,2022,6
932,2022-10-18,Sandwich,Fastfood,60,9,540,Online,Male,Afternoon,2022,10
933,2023-01-21,Sugarcane juice,Beverages,25,15,375,Online,Female,Afternoon,2023,1
934,2022-09-19,Cold coffee,Beverages,40,4,160,Cash,Female,Afternoon,2022,9
935,2023-02-17,Sandwich,Fastfood,60,12,720,Cash,Male,Midnight,2023,2
936,2022-08-10,Panipuri,Fastfood,20,2,40,Others,Male,Midnight,2022,8
937,2022-06-22,Panipuri,Fastfood,20,4,80,Cash,Male,Night,2022,6
938,2022-08-10,Sugarcane juice,Beverages,25,14,350,Cash,Male,Evening,2022,8
939,2023-02-19,Vadapav,Fastfood,20,15,300,Online,Male,Midnight,2023,2
940,2023-02-07,Sugarcane juice,Beverages,25,14,350,Online,Female,Midnight,2023,2
941,2023-02-10,Cold coffee,Beverages,40,10,400,Online,Female,Morning,2023,2
942,2022-07-20,Frankie,Fastfood,50,6,300,Cash,Male,Night,2022,7
943,2022-06-30,Vadapav,Fastfood,20,6,120,Cash,Female,Night,2022,6
944,2022-05-12,Aalopuri,Fastfood,20,2,40,Cash,Male,Midnight,2022,5
945,2022-05-15,Cold coffee,Beverages,40,2,80,Online,Female,Afternoon,2022,5
946,2023-02-21,Sandwich,Fastfood,60,8,480,Cash,Male,Midnight,2023,2
947,2022-08-16,Aalopuri,Fastfood,20,11,220,Online,Male,Night,2022,8
948,2023-01-16,Sandwich,Fastfood,60,10,600,Online,Male,Evening,2023,1
949,2023-01-07,Panipuri,Fastfood,20,1,20,Cash,Female,Evening,2023,1
950,2022-09-25,Frankie,Fastfood,50,6,300,Online,Female,Evening,2022,9
951,2022-11-11,Panipuri,Fastfood,20,11,220,Cash,Female,Afternoon,2022,11
952,2022-09-24,Aalopuri,Fastfood,20,14,280,Cash,Female,Evening,2022,9
953,2022-11-10,Sandwich,Fastfood,60,2,120,Online,Female,Afternoon,2022,11
954,2023-01-31,Aalopuri,Fastfood,20,3,60,Cash,Female,Midnight,2023,1
955,2023-01-27,Sugarcane juice,Beverages,25,7,175,Online,Male,Afternoon,2023,1
956,2022-04-30,Frankie,Fastfood,50,13,650,Online,Male,Morning,2022,4
957,2023-02-08,Panipuri,Fastfood,20,3,60,Online,Female,Midnight,2023,2
958,2022-05-22,Sandwich,Fastfood,60,11,660,Online,Female,Night,2022,5
959,2022-11-28,Vadapav,Fastfood,20,8,160,Online,Female,Midnight,2022,11
960,2022-08-12,Sugarcane juice,Beverages,25,15,375,Online,Female,Evening,2022,8
961,2023-03-14,Frankie,Fastfood,50,13,650,Cash,Male,Night,2023,3
962,2022-05-18,Frankie,Fastfood,50,13,650,Online,Female,Afternoon,2022,5
963,2022-10-05,Vadapav,Fastfood,20,6,120,Cash,Female,Morning,2022,10
964,2022-05-07,Cold coffee,Beverages,40,8,320,Cash,Male,Evening,2022,5
965,2022-10-08,Frankie,Fastfood,50,5,250,Online,Female,Night,2022,10
966,2023-03-19,Panipuri,Fastfood,20,11,220,Online,Female,Morning,2023,3
967,2022-06-29,Cold coffee,Beverages,40,14,560,Cash,Male,Afternoon,2022,6
968,2022-08-09,Cold coffee,Beverages,40,15,600,Cash,Female,Morning,2022,8
969,2022-11-06,Cold coffee,Beverages,40,11,440,Cash,Male,Morning,2022,11
970,2022-11-21,Aalopuri,Fastfood,20,5,100,Online,Female,Afternoon,2022,11
971,2022-10-02,Frankie,Fastfood,50,2,100,Cash,Female,Morning,2022,10
972,2023-03-11,Aalopuri,Fastfood,20,1,20,Cash,Female,Afternoon,2023,3
973,2022-06-07,Sugarcane juice,Beverages,25,1,25,Others,Female,Morning,2022,6
974,2023-01-28,Vadapav,Fastfood,20,13,260,Online,Male,Afternoon,2023,1
975,2023-01-15,Aalopuri,Fastfood,20,1,20,Cash,Male,Midnight,2023,1
976,2022-04-17,Sugarcane juice,Beverages,25,11,275,Others,Female,Morning,2022,4
977,2023-01-05,Aalopuri,Fastfood,20,1,20,Cash,Male,Evening,2023,1
978,2022-10-08,Frankie,Fastfood,50,2,100,Online,Male,Night,2022,10
979,2022-05-21,Aalopuri,Fastfood,20,13,260,Cash,Female,Midnight,2022,5
980,2022-06-20,Vadapav,Fastfood,20,9,180,Online,Male,Morning,2022,6
981,2023-01-22,Panipuri,Fastfood,20,15,300,Online,Male,Midnight,2023,1
982,2023-03-30,Sugarcane juice,Beverages,25,14,350,Cash,Female,Night,2023,3
983,2023-03-17,Cold coffee,Beverages,40,10,400,Others,Female,Night,2023,3
984,2023-01-07,Frankie,Fastfood,50,3,150,Cash,Male,Afternoon,2023,1
985,2022-06-14,Frankie,Fastfood,50,1,50,Cash,Female,Afternoon,2022,6
986,2022-04-30,Sugarcane juice,Beverages,25,13,325,Online,Male,Night,2022,4
987,2023-01-04,Vadapav,Fastfood,20,3,60,Cash,Female,Evening,2023,1
988,2023-01-03,Frankie,Fastfood,50,13,650,Others,Female,Night,2023,1
989,2022-10-11,Cold coffee,Beverages,40,13,520,Cash,Male,Afternoon,2022,10
990,2022-11-24,Vadapav,Fastfood,20,10,200,Online,Female,Morning,2022,11
991,2023-01-18,Sandwich,Fastfood,60,7,420,Cash,Female,Night,2023,1
992,2022-10-21,Sandwich,Fastfood,60,5,300,Cash,Male,Morning,2022,10
993,2022-07-17,Frankie,Fastfood,50,3,150,Online,Female,Night,2022,7
994,2022-11-01,Panipuri,Fastfood,20,2,40,Online,Female,Evening,2022,11
995,2022-06-18,Sugarcane juice,Beverages,25,1,25,Online,Male,Night,2022,6
996,2023-03-19,Frankie,Fastfood,50,10,500,Others,Female,Evening,2023,3
997,2022-09-20,Sandwich,Fastfood,60,7,420,Others,Male,Evening,2022,9
998,2023-01-26,Sandwich,Fastfood,60,13,780,Others,Male,Evening,2023,1
999,2022-08-27,Panipuri,Fastfood,20,5,100,Others,Female,Afternoon,2022,8
1000,2022-05-29,Aalopuri,Fastfood,20,3,60,Online,Female,Midnight,2022,5
